Spieltag,Heim,Auswärts,H_tore,A_tore,HeimFormation,HeimStartelf,HeimSubs,ToreRaw,where,size,AuswaertsFormation,AuswaertsStartelf,AuswaertsSubs
1,Sp.Vg. Blau Weiß 1890 Berlin,Polar Pinguin Berlin,3,0,4-2-3-1,"Hinz, Wiebach, Banze, Köhne, Salla, Engel, Rausch, Touré, Lopes de Oliveira, Grabow, Brömer","Igkmpinompa, Todorov, Rocktäschel, Maurer, Geurts",1:0 (15.) Köhne; 2:0 (61.) Lopes de Oliveira; 3:0 (80.) Geurts,home,L,5-4-1,"Erbilgin, Culubali, Kahra, Hardt, Ouattara, Abasi, Will, Broll, Löhmann, Faizli, Ndubueze","Kaplan, Riebel, Zeidler, Schwabe, Mizani"
1,VSG Altglienicke II,TSV Rudow Berlin,3,1,4-3-3,"Kassem, El Sadani, Klamkowski, Glatzel, Busch, Schenkel, Senst, El Taib, Bakal, Tomczak, Fayoumi","Losse, Kutrieb, Atici, Lieberam",1:0 (33.) Tomczak; 2:0 (60.) Tomczak; 3:0 (88.) El Sadani,home,S,4-2-3-1,"Gromotka, Razeek, Ehrich, Bähr, Bayram, Fritsche, Hassane, Günther, Hortum, A. Iraqui, Baba","Haj Youssef, H. Iraqui, Murseli, Saberdest, Thonfeld"
1,VfB Fortuna Biesdorf,FSV Spandauer Kickers,1,1,4-4-2,"Sangel, Künne, Hartwig, Nerjovaj, Maroske, Barrufet, Sommer, Petschner, Dang, Schramm, Steinke","Mansour, Sowa, Haj Youssef, Kaftan, Friebe",1:0 (15.) Sommer,home,S,5-3-2,"Gardeike, Dzhaukhar, Klepczynski, Iseni, J. Krumnow, Szuwarski, Vefonge Wana, Senninger, Kuckei, Tastan, Agyei-Yeboah","Sawallich, Cocou"
1,SV Empor Berlin,Füchse Berlin,2,4,4-1-4-1,"Von Hallen, Wenger, Kühn, Khettal, Meirelles-Hartmann, Wegner, Appiah, Schulz, Zander, Möller, Albrecht","Nickel, Hübner, Schäfer, Neumeier, Sakar",1:2 (26.) Albrecht; 2:4 (75.) Albrecht,home,L,4-2-3-1,"Otremba, Cygankov, Klecha, Tüysüz, Wilhelm, Bushaj, Zoungrana, Ouédraogo, Sivaci, Haney, Sunday","Yildirim, Rabiega, Bourakkadi, Herdt, Brechler"
1,Frohnauer SC,SFC Stern 1900,3,1,4-2-3-1,"Paul, Ehritt, Hofmann, Hampel, Domke, Sei ert, Hollnagel, Mundt, Musiol, Kyere, Ceesay","Barnes, Bachar, Lindhammer, Eickhoff",1:0 (13.) Kyere; 2:0 (22.) Kyere; 3:0 (28.) Ceesay,home,M,4-2-3-1,"Dickersbach, Krost, Schönfuß-Hahm, Hajjaj, Udeoka, Rohr, Rohana, Medrane, Gantzberg, Shaarawy, Fäßler","Wobeser, Keita, Cakin, Thurau, Hartmann"
1,Berliner SC,SC Charlottenburg,3,1,4-1-2-3,"Köster, Bossard, Trojahn, Markovic, Simon, Nnaemeka-Chukwurah, Neumann, Cheung, Ekandille, Ngah, Ugbogbo","Öztürk, Lorenz, Schumann, Jafari",1:1 (69.) Neumann; 2:1 (71.) Cheung; 3:1 (88.) Lorenz,home,L,4-2-3-1,"Seidel, Brinkmann, Droszczak, Reichel, Helge, Engelsing, Michels, Hörschlein, Ulucay, Saif, Selman","Lehmann, Mestetef, Maykowski, Onyemaobi"
1,SV BW Hohen Neuendorf,SSC Südwest 1947,3,1,3-2-2-2-1,"Kopmann, Stoltz, Domke, Niederau, Rüdiger, Lendner, Draski, Urbanski, Wolf, Vogt, Przesang","Schock Negrete, Bacanu, Soine, Lange, Röttgen",1:0 (29.) Niederau; 2:1 (64.) Röttgen; 3:1 (88.) Soine,home,M,4-2-3-1,"Stroehlke, Schick, Schramm, Schoeneich, J. Greiner, Olsowski, Schulze, Cernescu, Chafra, Karadayi, Kascha","+1 Mbile Sanchez, +1 Gündogdu, Smolarkiewicz, Glaser, L. Greiner"
1,SC Staaken,Berlin Türkspor,2,3,5-3-2,"Oberbach, Lampert, Hackbarth, Aksakal, Förster, Younes, Ufak, Tutzschke, El Dayekh, Walter, Gakpeto","Hamid, Stein, Heumer, Flemming, Bahceci",1:1 (38.) Förster;  2:3 (88.) Bahceci,home,S,3-6-1,"Bätge, Kahraman, Turan, Vassiliadis, Bacak, Heymann, Korntre, Rmieh, Williams, Zardoshtian, Zola","Krien, Dougalis"
1,TSV Mariendorf 1897,1. FC Wilmersdorf,2,2,4-4-2,"Chaw, Tutic, Rosner, Austermann, Fürst, Veilert, Pfannschmidt, Kasola, Kromat, Senocak, Krieger","Kadiji, Montoya, Van-Dunem, Ulusoy, Yorguner",1:0 (8.) Senocak;,home,L,4-5-1,"Samake, Akpinar, Aydin, Baumann, Techie-Menson, El- Meguid, Henneke, Akyol, Flores Kaya, Izal, Kupfer","Russo, Okech, Loch, Cinar, Ilskens"
1,Polar Pinguin Berlin,Sp.Vg. Blau Weiß 1890 Berlin,0,3,5-4-1,"Erbilgin, Culubali, Kahra, Hardt, Ouattara, Abasi, Will, Broll, Löhmann, Faizli, Ndubueze","Kaplan, Riebel, Zeidler, Schwabe, Mizani",,away,L,4-2-3-1,"Hinz, Wiebach, Banze, Köhne, Salla, Engel, Rausch, Touré, Lopes de Oliveira, Grabow, Brömer","Igkmpinompa, Todorov, Rocktäschel, Maurer, Geurts"
1,TSV Rudow Berlin,VSG Altglienicke II,1,3,4-2-3-1,"Gromotka, Razeek, Ehrich, Bähr, Bayram, Fritsche, Hassane, Günther, Hortum, A. Iraqui, Baba","Haj Youssef, H. Iraqui, Murseli, Saberdest, Thonfeld",3:1 (90.+3) Haj Youssef,away,S,4-3-3,"Kassem, El Sadani, Klamkowski, Glatzel, Busch, Schenkel, Senst, El Taib, Bakal, Tomczak, Fayoumi","Losse, Kutrieb, Atici, Lieberam"
1,FSV Spandauer Kickers,VfB Fortuna Biesdorf,1,1,5-3-2,"Gardeike, Dzhaukhar, Klepczynski, Iseni, J. Krumnow, Szuwarski, Vefonge Wana, Senninger, Kuckei, Tastan, Agyei-Yeboah","Sawallich, Cocou",1:1 (18.) Tastan; 2:2 (76.) Montoya,away,S,4-4-2,"Sangel, Künne, Hartwig, Nerjovaj, Maroske, Barrufet, Sommer, Petschner, Dang, Schramm, Steinke","Mansour, Sowa, Haj Youssef, Kaftan, Friebe"
1,Füchse Berlin,SV Empor Berlin,4,2,4-2-3-1,"Otremba, Cygankov, Klecha, Tüysüz, Wilhelm, Bushaj, Zoungrana, Ouédraogo, Sivaci, Haney, Sunday","Yildirim, Rabiega, Bourakkadi, Herdt, Brechler",0:1 (9.) Sunday; 0:2 (17.) Sunday; 1:3 (55.) Bushaj; 1:4 (63.) Eigentor,away,L,4-1-4-1,"Von Hallen, Wenger, Kühn, Khettal, Meirelles-Hartmann, Wegner, Appiah, Schulz, Zander, Möller, Albrecht","Nickel, Hübner, Schäfer, Neumeier, Sakar"
1,SFC Stern 1900,Frohnauer SC,1,3,4-2-3-1,"Dickersbach, Krost, Schönfuß-Hahm, Hajjaj, Udeoka, Rohr, Rohana, Medrane, Gantzberg, Shaarawy, Fäßler","Wobeser, Keita, Cakin, Thurau, Hartmann",3:1 (82.) Thurau,away,M,4-2-3-1,"Paul, Ehritt, Hofmann, Hampel, Domke, Sei ert, Hollnagel, Mundt, Musiol, Kyere, Ceesay","Barnes, Bachar, Lindhammer, Eickhoff"
1,SC Charlottenburg,Berliner SC,1,3,4-2-3-1,"Seidel, Brinkmann, Droszczak, Reichel, Helge, Engelsing, Michels, Hörschlein, Ulucay, Saif, Selman","Lehmann, Mestetef, Maykowski, Onyemaobi",0:1 (51.) Hörschlein,away,L,4-1-2-3,"Köster, Bossard, Trojahn, Markovic, Simon, Nnaemeka-Chukwurah, Neumann, Cheung, Ekandille, Ngah, Ugbogbo","Öztürk, Lorenz, Schumann, Jafari"
1,SSC Südwest 1947,SV BW Hohen Neuendorf,1,3,4-2-3-1,"Stroehlke, Schick, Schramm, Schoeneich, J. Greiner, Olsowski, Schulze, Cernescu, Chafra, Karadayi, Kascha","+1 Mbile Sanchez, +1 Gündogdu, Smolarkiewicz, Glaser, L. Greiner",1:1 (39.) Olsowski,away,M,3-2-2-2-1,"Kopmann, Stoltz, Domke, Niederau, Rüdiger, Lendner, Draski, Urbanski, Wolf, Vogt, Przesang","Schock Negrete, Bacanu, Soine, Lange, Röttgen"
1,Berlin Türkspor,SC Staaken,3,2,3-6-1,"Bätge, Kahraman, Turan, Vassiliadis, Bacak, Heymann, Korntre, Rmieh, Williams, Zardoshtian, Zola","Krien, Dougalis",0:1 (18.) Heymann; 1:2 (43.) Kahraman; 1:3 (72.) Vassiliadis,away,S,5-3-2,"Oberbach, Lampert, Hackbarth, Aksakal, Förster, Younes, Ufak, Tutzschke, El Dayekh, Walter, Gakpeto","Hamid, Stein, Heumer, Flemming, Bahceci"
1,1. FC Wilmersdorf,TSV Mariendorf 1897,2,2,4-5-1,"Samake, Akpinar, Aydin, Baumann, Techie-Menson, El- Meguid, Henneke, Akyol, Flores Kaya, Izal, Kupfer","Russo, Okech, Loch, Cinar, Ilskens",1:1 (71.) Kupfer; 1:2 (73.) Cinar,away,L,4-4-2,"Chaw, Tutic, Rosner, Austermann, Fürst, Veilert, Pfannschmidt, Kasola, Kromat, Senocak, Krieger","Kadiji, Montoya, Van-Dunem, Ulusoy, Yorguner"
2,SSC Südwest 1947,Sp.Vg. Blau Weiß 1890 Berlin,0,4,4-2-3-1,"Stroehlke, Schick, Schramm, Schoeneich, J. Greiner, Olsowski, Gündogdu, Karadayi, Schulze, Chafra, Weiß","Glaser, Sejdic, Kascha, L. Greiner, William",,home,M,4-4-2,"Hinz, Köhne, Rocktäschel, Banze, Wiebach, Rausch, Kohls, Igkmpinompa, Geurts, Brömer, Lopes de Oliveira","Salla, Zingu, Maurer, Grabow, Todorov"
2,1. FC Wilmersdorf,SV BW Hohen Neuendorf,1,2,4-2-3-1,"Samake, Akpinar, Flores Kaya, Aydin, Techie-Menson, Langhammer, Henneke, Kupfer, Cinar, Izal, Benyamina","Ghandour, Russo, Akyol",1:1 (90.+2) Russo,home,M,3-2-2-3,"Kopmann, Stoltz, Domke, Diels, Rüdiger, Lange, Wolf, Vogt, Draski, Przesang, Urbanski","Soine, Lendner, Butt, Röttgen, Schock-Negrete"
2,Polar Pinguin Berlin,SV Empor Berlin,3,3,5-2-2-1,"Pruschke, Kaplan, Kahra, Hardt, Ouattara, Matt, Koch, Zeidler, Sondermann, Will, Ndubueze","Broll, Fechner, Schwabe, Derman, Schanda",1:2 (83.) Sondermann; 2:3 (90.) Sondermann; 3:3 (90.+4) Schwabe,home,S,4-1-4-1,"Von Hallen, Wenger, Neumeier, Khettal, Meirelles-Hartmann, Nickel, Appiah, Schulz, Zander, Möller, Q. Albrecht","Alankus, Ploschenz, Stutzke, Schäfer, Sakar"
2,FSV Spandauer Kickers,Berliner SC,2,1,3-2-3-2,"Gardeike, Klepczynski, Vefonge Wana, J. Krumnow, Dzhaukhar, Senninger, Oldorff, Kuckei, Szuwarski, Tastan, Uzan","Agyei-Yeboah, Iseni, Gezer, Sawallich, Odoubiyi Cocou",1:0 (16.) Tastan; 2:1 (56.) Uzan,home,M,4-3-3,"Köster, Bossard, Öztürk, Markovic, Trojahn, Neumann, Nnaemeka-Chukwura, Cheung, Ekandille, Ngah, Ugbogbo","Jafari, Lorenz, Schumann"
2,TSV Rudow Berlin,Frohnauer SC,2,2,4-2-3-1,"Paul, Ehritt, Hofmann, Hampel, Domke, Walter, Hollnagel, Bachar, Musiol, Kyere, Ceesay","Mundt, Seiffert, Lindhammer, Arend, Barnes",1:1 (45.+2) Musiol; 2:1 (83.) Mundt,home,L,3-4-2-1,"Gromotka, Razeek, Günther, Bayram, Thonfeld, Hassane, H. Iraqui, Youssef, Hortum, A. Iraqui, Baba","Wöhle, Murseli, Kirschner"
2,Berlin Türkspor,VfB Fortuna Biesdorf,4,1,4-2-3-1,"Pokataiev, Vassiliadis, Kahraman, Turan, Williams, Bacak, Zardoshtian, Mukuku Zola, Korntreff, Heymann, Kapan","Diop, Idemudia, Krien, Szigath, Dougalis",1:0 (42.) Zardoshtian; 2:0 (50.) Kapan; 3:0 (76.) Eigentor; 4:0 (84.) Turan,home,M,4-4-2,"Sangel, Künne, Hartwig, Nejjovaj, Maroske, Barrufet, Sommer, Petschner, Dang, Schramm, Steinke","Haj Youssef, Treibert, B. Kadur, Kaftan, Mansour"
2,SC Staaken,VSG Altglienicke II,NA,NA,formation unclear,,,,home,NA,formation unclear,,
2,SC Charlottenburg,Füchse Berlin,1,2,4-1-4-1,"Seidel, Hörschlein, Reichel, Droszczak, Helge, Michels, Maykowski, Ulucay, Engelsing, Löbe, Selman","Lehmann, Saif, Kücük, +1 Traoré, Mestetef",1:0 (45.) Maykowski,home,L,4-2-3-1,"Otremba, Cygankov, Klecha, Tüysüz, Wilhelm, Zoungrana, Bushaj, Ouédraogo, Sivaci, Haney, Sunday","Gündogdu, Aslan, Heerdt, Yildirim, Bourakkadi"
2,SFC Stern 1900,TSV Mariendorf 1897,3,2,4-2-3-1,"Dickersbach, Krost, Wobeser, Hartmann, Udeoka, Rohr, Rohana, Medrane, Gantzberg, Thurau, Cakin","Sen, +4 Schönfuß-Hahm, Fäßler, Keita",1:1 (75.) Sen; 2:1 (76.) Gantzberg; 3:1 (84.) Fäßler,home,M,3-5-2,"Chaw, Rosner, Austermann, Fürst, Ulusoy, Montoya, Tutic, Cordeiro, Kasola, van Dunem, Yorguner","Kromat, Pfannschmidt, Senocak, Bühler"
2,Sp.Vg. Blau Weiß 1890 Berlin,SSC Südwest 1947,4,0,4-4-2,"Hinz, Köhne, Rocktäschel, Banze, Wiebach, Rausch, Kohls, Igkmpinompa, Geurts, Brömer, Lopes de Oliveira","Salla, Zingu, Maurer, Grabow, Todorov",0:1 (14.) Kohls; 0:2 (33.) Lopes de Oliveira; 0:3 (45.+2) Lopes de Oliveira; 0:4 (85.) Geurts,away,M,4-2-3-1,"Stroehlke, Schick, Schramm, Schoeneich, J. Greiner, Olsowski, Gündogdu, Karadayi, Schulze, Chafra, Weiß","Glaser, Sejdic, Kascha, L. Greiner, William"
2,SV BW Hohen Neuendorf,1. FC Wilmersdorf,2,1,3-2-2-3,"Kopmann, Stoltz, Domke, Diels, Rüdiger, Lange, Wolf, Vogt, Draski, Przesang, Urbanski","Soine, Lendner, Butt, Röttgen, Schock-Negrete",0:1 (14.) Przesang; 1:2 (90.+7) Soine,away,M,4-2-3-1,"Samake, Akpinar, Flores Kaya, Aydin, Techie-Menson, Langhammer, Henneke, Kupfer, Cinar, Izal, Benyamina","Ghandour, Russo, Akyol"
2,SV Empor Berlin,Polar Pinguin Berlin,3,3,4-1-4-1,"Von Hallen, Wenger, Neumeier, Khettal, Meirelles-Hartmann, Nickel, Appiah, Schulz, Zander, Möller, Q. Albrecht","Alankus, Ploschenz, Stutzke, Schäfer, Sakar",0:1 (18.) Zander; 0:2 (23.) Q. Albrecht; 1:3 (87.) Q. Albrecht,away,S,5-2-2-1,"Pruschke, Kaplan, Kahra, Hardt, Ouattara, Matt, Koch, Zeidler, Sondermann, Will, Ndubueze","Broll, Fechner, Schwabe, Derman, Schanda"
2,Berliner SC,FSV Spandauer Kickers,1,2,4-3-3,"Köster, Bossard, Öztürk, Markovic, Trojahn, Neumann, Nnaemeka-Chukwura, Cheung, Ekandille, Ngah, Ugbogbo","Jafari, Lorenz, Schumann",1:1 (42.) Ngah,away,M,3-2-3-2,"Gardeike, Klepczynski, Vefonge Wana, J. Krumnow, Dzhaukhar, Senninger, Oldorff, Kuckei, Szuwarski, Tastan, Uzan","Agyei-Yeboah, Iseni, Gezer, Sawallich, Odoubiyi Cocou"
2,Frohnauer SC,TSV Rudow Berlin,2,2,3-4-2-1,"Gromotka, Razeek, Günther, Bayram, Thonfeld, Hassane, H. Iraqui, Youssef, Hortum, A. Iraqui, Baba","Wöhle, Murseli, Kirschner",0:1 (3.) Youssef; 2:2 (90.+3) Günther,away,L,4-2-3-1,"Paul, Ehritt, Hofmann, Hampel, Domke, Walter, Hollnagel, Bachar, Musiol, Kyere, Ceesay","Mundt, Seiffert, Lindhammer, Arend, Barnes"
2,VfB Fortuna Biesdorf,Berlin Türkspor,1,4,4-4-2,"Sangel, Künne, Hartwig, Nejjovaj, Maroske, Barrufet, Sommer, Petschner, Dang, Schramm, Steinke","Haj Youssef, Treibert, B. Kadur, Kaftan, Mansour",4:1 (90.+3) Haj Youssef,away,M,4-2-3-1,"Pokataiev, Vassiliadis, Kahraman, Turan, Williams, Bacak, Zardoshtian, Mukuku Zola, Korntreff, Heymann, Kapan","Diop, Idemudia, Krien, Szigath, Dougalis"
2,VSG Altglienicke II,SC Staaken,NA,NA,formation unclear,,,,away,NA,formation unclear,,
2,Füchse Berlin,SC Charlottenburg,2,1,4-2-3-1,"Otremba, Cygankov, Klecha, Tüysüz, Wilhelm, Zoungrana, Bushaj, Ouédraogo, Sivaci, Haney, Sunday","Gündogdu, Aslan, Heerdt, Yildirim, Bourakkadi",1:1 (53.) Sunday; 1:2 (90.+5) Yildirim,away,L,4-1-4-1,"Seidel, Hörschlein, Reichel, Droszczak, Helge, Michels, Maykowski, Ulucay, Engelsing, Löbe, Selman","Lehmann, Saif, Kücük, +1 Traoré, Mestetef"
2,TSV Mariendorf 1897,SFC Stern 1900,2,3,3-5-2,"Chaw, Rosner, Austermann, Fürst, Ulusoy, Montoya, Tutic, Cordeiro, Kasola, van Dunem, Yorguner","Kromat, Pfannschmidt, Senocak, Bühler",0:1 (14.) Van-Dunem; 3:2 (90.+2) Senocak,away,M,4-2-3-1,"Dickersbach, Krost, Wobeser, Hartmann, Udeoka, Rohr, Rohana, Medrane, Gantzberg, Thurau, Cakin","Sen, +4 Schönfuß-Hahm, Fäßler, Keita"
3,SSC Südwest 1947,VSG Altglienicke II,1,0,4-2-3-1,"Stroehlke, J. Greiner, Schramm, Sejdic, Schick, Olsowski, Schulze, Cernescu, Schoeneich, Karadayi, Kascha","Gündogdu, Glaser, L. Greiner, Weiß",1:0 (5.) Cernescu,home,M,4-4-2,"Kassem, El Sadani, Klamkowski, Latzel, Busch, Schenkel, Senst, El Taib, Bakal, Tomczak, Fayoumi","Lieberam, Losse, Kutrieb, Atici"
3,1. FC Wilmersdorf,SC Staaken,0,0,3-1-4-2,"Samake, Aydin, Henneke, Ghandour, Langhammer, Russo, Voigt, Inal, Techie-Menson, Cinar, Benyamina","El-Meguid, Loch, Kaya, Akyo",,home,M,4-2-3-1,"Oberbach, Förster, Lampert, Aksakal, Younes, Tutzschke, El Dayekh, Touko, Abdel-Hamid, Walter, Gakpeto","Heumer, Diezemann, Ufak, Stein, Jantzen"
3,TSV Rudow Berlin,VfB Fortuna Biesdorf,1,2,4-4-2,"Sangel, Künne, B. Kadur, Walizada, Maroske, Barrufet, Petschner, Haj Youssef, Dang, Schramm, Steinke","Treibert, Mansour, Friebe, Nanevie, Sowa",1:2 (90.+17) Steinke,home,L,3-4-2-1,"Gromotka, Burda, Bähr, Bayram, Razeek, Hassane, Günther, Haj Youssef, Hortum, A. Iraqui, Baba","+7 H. Iraqui, +15 Murseli, Thonfeld, Kirschner"
3,Berlin Türkspor,SV BW Hohen Neuendorf,2,4,4-2-3-1,"Bätge, Vassiliadis, Turan, Kahraman, Williams, Zardoshtian, Rmieh, Mukuku Zola, Bacak, Korntreff, Kapan","Satici, Krien",1:3 (65.) Kapan; 2:4 (90.+4) Turan,home,M,5-4-1,"Kopmann, Rüdiger, Stoltz, Diels, Domke, Schock-Negrete, Wolf, Lendner, Lange, Röttgen, Soine","Bacanu, Vogt, Dündar, Butt, Przesang"
3,Füchse Berlin,TSV Mariendorf 1897,0,2,4-2-3-1,"Lox, Cygankov, Klecha, Tüysüz, M. Cygankov, Zoungrana, Aslan, Ouédraogo, Sivaci, Haney, Sunday","Brechler, Heerdt, Yildirim, Bourakkadi",,home,M,4-4-2,"Chaw, Austermann, Veilert, Wedemann, Urgelles Montoya, Ulusoy, Pfannschmidt, Kasola, Kromat, Senocak, van Dunem","Veilert, Tutic, Cordeiro, Bühler, Fürst"
3,SFC Stern 1900,Berliner SC,0,0,4-2-3-1,"Dickersbach, Krost, Wobeser, SchönfußHahm, Udeoka, Hajjaj, Rohr, Keita, Gantzberg, Medrane, Fäßler","Drost, Thurau, Rohana, Hartmann, Jouini",,home,M,4-1-4-1,"Köster, Bossard, Öztürk, Markovic, Trojahn, Nnaemeka-Chukwurah, Schumann, Neumann, Cheung, Ngah, Lorenz","Ugbogbo, Spiegel, Ekandille"
3,FSV Spandauer Kickers,Sp.Vg. Blau Weiß 1890 Berlin,2,1,3-2-3-2,"Dardeike, J. Krumnow, Iseni, Klepczynski, Senninger, Vefonge Wana, Oldor, Kuckei, Dzhaukhar, Tastan, Uzan","Odoubiyi Cocou, Gezer, Sawallich, Agyei-Yeboah",1:0 (47.) Dzhaukhar; 2:0 (72.) Tastan,home,M,4-2-3-1,"Hinz, Rocktäschel, Banze, Zingu, Salla, Schulze, Rausch, Toure, Lopes de Oliveira, Geurts, Brömer","Wiebach, Köhne, Schrade, Igkmpinompa, Grabow"
3,SC Charlottenburg,SV Empor Berlin,2,1,4-3-3,"Seidel, Lehmann, Brinkmann, Reichel, Droszczak, Michels, Ulucay, Kücük, Engelsing, Maykowski, Löbe","Traore, Schäfer, Onyemaobi, Mestetef",1:1 (33.) Maykowski; 2:1 (65.) Onyemaobii,home,L,4-1-3-1-1,"Von Hallen, Wenger, Khettal, Falk, Möller, Kühn, Boateng, Meirelles-Hartmann, Schulz, Zander, Albrecht","Neumeier, Nickel, Appiah, Albrecht, Alankus"
3,Polar Pinguin Berlin,Frohnauer SC,1,2,5-2-2-1,"Erbilgin, Broll, Kahra, Hardt, Ouattara, Matt, Schwabe, Koch, Will, Sondermann, Ndubueze","Kaplan, Löhmann, Schanda, Faizi, Derman",1:1 (35.) Ndubueze,home,S,4-1-2-2-1,"Paul, Ehritt, Hollnagel, Hampel, Mundt, Seiffert, Musiol, Barnes, Bachar, Kyere, Eickhoff","Hofmann, Lindhammer, Walter, Arend, Wollesen"
3,VSG Altglienicke II,SSC Südwest 1947,0,1,4-4-2,"Kassem, El Sadani, Klamkowski, Latzel, Busch, Schenkel, Senst, El Taib, Bakal, Tomczak, Fayoumi","Lieberam, Losse, Kutrieb, Atici",,away,M,4-2-3-1,"Stroehlke, J. Greiner, Schramm, Sejdic, Schick, Olsowski, Schulze, Cernescu, Schoeneich, Karadayi, Kascha","Gündogdu, Glaser, L. Greiner, Weiß"
3,SC Staaken,1. FC Wilmersdorf,0,0,4-2-3-1,"Oberbach, Förster, Lampert, Aksakal, Younes, Tutzschke, El Dayekh, Touko, Abdel-Hamid, Walter, Gakpeto","Heumer, Diezemann, Ufak, Stein, Jantzen",,away,M,3-1-4-2,"Samake, Aydin, Henneke, Ghandour, Langhammer, Russo, Voigt, Inal, Techie-Menson, Cinar, Benyamina","El-Meguid, Loch, Kaya, Akyo"
3,VfB Fortuna Biesdorf,TSV Rudow Berlin,2,1,3-4-2-1,"Gromotka, Burda, Bähr, Bayram, Razeek, Hassane, Günther, Haj Youssef, Hortum, A. Iraqui, Baba","+7 H. Iraqui, +15 Murseli, Thonfeld, Kirschner",0:1 (2.) Hortum; 0:2 (70.) Hortum,away,L,4-4-2,"Sangel, Künne, B. Kadur, Walizada, Maroske, Barrufet, Petschner, Haj Youssef, Dang, Schramm, Steinke","Treibert, Mansour, Friebe, Nanevie, Sowa"
3,SV BW Hohen Neuendorf,Berlin Türkspor,4,2,5-4-1,"Kopmann, Rüdiger, Stoltz, Diels, Domke, Schock-Negrete, Wolf, Lendner, Lange, Röttgen, Soine","Bacanu, Vogt, Dündar, Butt, Przesang",0:1 (6.) Soine; 0:2 (28.) Soine; 0:3 (33.) Soine; 1:4 (81.) Wolf,away,M,4-2-3-1,"Bätge, Vassiliadis, Turan, Kahraman, Williams, Zardoshtian, Rmieh, Mukuku Zola, Bacak, Korntreff, Kapan","Satici, Krien"
3,TSV Mariendorf 1897,Füchse Berlin,2,0,4-4-2,"Chaw, Austermann, Veilert, Wedemann, Urgelles Montoya, Ulusoy, Pfannschmidt, Kasola, Kromat, Senocak, van Dunem","Veilert, Tutic, Cordeiro, Bühler, Fürst",0:1 (2.) Senocak; 0:2 (83.) Senocak,away,M,4-2-3-1,"Lox, Cygankov, Klecha, Tüysüz, M. Cygankov, Zoungrana, Aslan, Ouédraogo, Sivaci, Haney, Sunday","Brechler, Heerdt, Yildirim, Bourakkadi"
3,Berliner SC,SFC Stern 1900,0,0,4-1-4-1,"Köster, Bossard, Öztürk, Markovic, Trojahn, Nnaemeka-Chukwurah, Schumann, Neumann, Cheung, Ngah, Lorenz","Ugbogbo, Spiegel, Ekandille",,away,M,4-2-3-1,"Dickersbach, Krost, Wobeser, SchönfußHahm, Udeoka, Hajjaj, Rohr, Keita, Gantzberg, Medrane, Fäßler","Drost, Thurau, Rohana, Hartmann, Jouini"
3,Sp.Vg. Blau Weiß 1890 Berlin,FSV Spandauer Kickers,1,2,4-2-3-1,"Hinz, Rocktäschel, Banze, Zingu, Salla, Schulze, Rausch, Toure, Lopes de Oliveira, Geurts, Brömer","Wiebach, Köhne, Schrade, Igkmpinompa, Grabow",2:1 (79.) Köhne,away,M,3-2-3-2,"Dardeike, J. Krumnow, Iseni, Klepczynski, Senninger, Vefonge Wana, Oldor, Kuckei, Dzhaukhar, Tastan, Uzan","Odoubiyi Cocou, Gezer, Sawallich, Agyei-Yeboah"
3,SV Empor Berlin,SC Charlottenburg,1,2,4-1-3-1-1,"Von Hallen, Wenger, Khettal, Falk, Möller, Kühn, Boateng, Meirelles-Hartmann, Schulz, Zander, Albrecht","Neumeier, Nickel, Appiah, Albrecht, Alankus",0:1 (9.) Q. Albrecht,away,L,4-3-3,"Seidel, Lehmann, Brinkmann, Reichel, Droszczak, Michels, Ulucay, Kücük, Engelsing, Maykowski, Löbe","Traore, Schäfer, Onyemaobi, Mestetef"
3,Frohnauer SC,Polar Pinguin Berlin,2,1,4-1-2-2-1,"Paul, Ehritt, Hollnagel, Hampel, Mundt, Seiffert, Musiol, Barnes, Bachar, Kyere, Eickhoff","Hofmann, Lindhammer, Walter, Arend, Wollesen",0:1 (1.) Eickhoff; 1:2 (78.) Musiol,away,S,5-2-2-1,"Erbilgin, Broll, Kahra, Hardt, Ouattara, Matt, Schwabe, Koch, Will, Sondermann, Ndubueze","Kaplan, Löhmann, Schanda, Faizi, Derman"
4,SSC Südwest 1947,TSV Rudow Berlin,NA,NA,formation unclear,,,,home,NA,formation unclear,,
4,Berlin Türkspor,FSV Spandauer Kickers,NA,NA,formation unclear,,,,home,NA,formation unclear,,
4,VSG Altglienicke II,SC Charlottenburg,NA,NA,formation unclear,,,,home,NA,formation unclear,,
4,VfB Fortuna Biesdorf,Füchse Berlin,NA,NA,formation unclear,,,,home,NA,formation unclear,,
4,Sp.Vg. Blau Weiß 1890 Berlin,TSV Mariendorf 1897,NA,NA,formation unclear,,,,home,NA,formation unclear,,
4,SV BW Hohen Neuendorf,SFC Stern 1900,NA,NA,formation unclear,,,,home,NA,formation unclear,,
4,Frohnauer SC,SV Empor Berlin,NA,NA,formation unclear,,,,home,NA,formation unclear,,
4,Berliner SC,1. FC Wilmersdorf,NA,NA,formation unclear,,,,home,NA,formation unclear,,
4,SC Staaken,Polar Pinguin Berlin,NA,NA,formation unclear,,,,home,NA,formation unclear,,
4,TSV Rudow Berlin,SSC Südwest 1947,NA,NA,formation unclear,,,,away,NA,formation unclear,,
4,FSV Spandauer Kickers,Berlin Türkspor,NA,NA,formation unclear,,,,away,NA,formation unclear,,
4,SC Charlottenburg,VSG Altglienicke II,NA,NA,formation unclear,,,,away,NA,formation unclear,,
4,Füchse Berlin,VfB Fortuna Biesdorf,NA,NA,formation unclear,,,,away,NA,formation unclear,,
4,TSV Mariendorf 1897,Sp.Vg. Blau Weiß 1890 Berlin,NA,NA,formation unclear,,,,away,NA,formation unclear,,
4,SFC Stern 1900,SV BW Hohen Neuendorf,NA,NA,formation unclear,,,,away,NA,formation unclear,,
4,SV Empor Berlin,Frohnauer SC,NA,NA,formation unclear,,,,away,NA,formation unclear,,
4,1. FC Wilmersdorf,Berliner SC,NA,NA,formation unclear,,,,away,NA,formation unclear,,
4,Polar Pinguin Berlin,SC Staaken,NA,NA,formation unclear,,,,away,NA,formation unclear,,
5,1. FC Wilmersdorf,TSV Rudow Berlin,NA,NA,formation unclear,,,,home,NA,formation unclear,,
5,Füchse Berlin,VSG Altglienicke II,NA,NA,formation unclear,,,,home,NA,formation unclear,,
5,SFC Stern 1900,SC Staaken,NA,NA,formation unclear,,,,home,NA,formation unclear,,
5,SV Empor Berlin,Sp.Vg. Blau Weiß 1890 Berlin,NA,NA,formation unclear,,,,home,NA,formation unclear,,
5,FSV Spandauer Kickers,SSC Südwest 1947,NA,NA,formation unclear,,,,home,NA,formation unclear,,
5,SC Charlottenburg,SV BW Hohen Neuendorf,NA,NA,formation unclear,,,,home,NA,formation unclear,,
5,Berliner SC,Frohnauer SC,NA,NA,formation unclear,,,,home,NA,formation unclear,,
5,Polar Pinguin Berlin,Berlin Türkspor,NA,NA,formation unclear,,,,home,NA,formation unclear,,
5,TSV Mariendorf 1897,VfB Fortuna Biesdorf,NA,NA,formation unclear,,,,home,NA,formation unclear,,
5,TSV Rudow Berlin,1. FC Wilmersdorf,NA,NA,formation unclear,,,,away,NA,formation unclear,,
5,VSG Altglienicke II,Füchse Berlin,NA,NA,formation unclear,,,,away,NA,formation unclear,,
5,SC Staaken,SFC Stern 1900,NA,NA,formation unclear,,,,away,NA,formation unclear,,
5,Sp.Vg. Blau Weiß 1890 Berlin,SV Empor Berlin,NA,NA,formation unclear,,,,away,NA,formation unclear,,
5,SSC Südwest 1947,FSV Spandauer Kickers,NA,NA,formation unclear,,,,away,NA,formation unclear,,
5,SV BW Hohen Neuendorf,SC Charlottenburg,NA,NA,formation unclear,,,,away,NA,formation unclear,,
5,Frohnauer SC,Berliner SC,NA,NA,formation unclear,,,,away,NA,formation unclear,,
5,Berlin Türkspor,Polar Pinguin Berlin,NA,NA,formation unclear,,,,away,NA,formation unclear,,
5,VfB Fortuna Biesdorf,TSV Mariendorf 1897,NA,NA,formation unclear,,,,away,NA,formation unclear,,
6,SV Empor Berlin,SFC Stern 1900,NA,NA,formation unclear,,,,home,NA,formation unclear,,
6,Sp.Vg. Blau Weiß 1890 Berlin,TSV Rudow Berlin,NA,NA,formation unclear,,,,home,NA,formation unclear,,
6,Frohnauer SC,FSV Spandauer Kickers,NA,NA,formation unclear,,,,home,NA,formation unclear,,
6,Berliner SC,Polar Pinguin Berlin,NA,NA,formation unclear,,,,home,NA,formation unclear,,
6,TSV Mariendorf 1897,SC Charlottenburg,NA,NA,formation unclear,,,,home,NA,formation unclear,,
6,Füchse Berlin,1. FC Wilmersdorf,NA,NA,formation unclear,,,,home,NA,formation unclear,,
6,SV BW Hohen Neuendorf,SC Staaken,NA,NA,formation unclear,,,,home,NA,formation unclear,,
6,VSG Altglienicke II,Berlin Türkspor,NA,NA,formation unclear,,,,home,NA,formation unclear,,
6,VfB Fortuna Biesdorf,SSC Südwest 1947,NA,NA,formation unclear,,,,home,NA,formation unclear,,
6,SFC Stern 1900,SV Empor Berlin,NA,NA,formation unclear,,,,away,NA,formation unclear,,
6,TSV Rudow Berlin,Sp.Vg. Blau Weiß 1890 Berlin,NA,NA,formation unclear,,,,away,NA,formation unclear,,
6,FSV Spandauer Kickers,Frohnauer SC,NA,NA,formation unclear,,,,away,NA,formation unclear,,
6,Polar Pinguin Berlin,Berliner SC,NA,NA,formation unclear,,,,away,NA,formation unclear,,
6,SC Charlottenburg,TSV Mariendorf 1897,NA,NA,formation unclear,,,,away,NA,formation unclear,,
6,1. FC Wilmersdorf,Füchse Berlin,NA,NA,formation unclear,,,,away,NA,formation unclear,,
6,SC Staaken,SV BW Hohen Neuendorf,NA,NA,formation unclear,,,,away,NA,formation unclear,,
6,Berlin Türkspor,VSG Altglienicke II,NA,NA,formation unclear,,,,away,NA,formation unclear,,
6,SSC Südwest 1947,VfB Fortuna Biesdorf,NA,NA,formation unclear,,,,away,NA,formation unclear,,
7,SSC Südwest 1947,Polar Pinguin Berlin,NA,NA,formation unclear,,,,home,NA,formation unclear,,
7,TSV Rudow Berlin,FSV Spandauer Kickers,NA,NA,formation unclear,,,,home,NA,formation unclear,,
7,Berlin Türkspor,SFC Stern 1900,NA,NA,formation unclear,,,,home,NA,formation unclear,,
7,Sp.Vg. Blau Weiß 1890 Berlin,Berliner SC,NA,NA,formation unclear,,,,home,NA,formation unclear,,
7,VSG Altglienicke II,TSV Mariendorf 1897,NA,NA,formation unclear,,,,home,NA,formation unclear,,
7,VfB Fortuna Biesdorf,SV Empor Berlin,NA,NA,formation unclear,,,,home,NA,formation unclear,,
7,Frohnauer SC,1. FC Wilmersdorf,NA,NA,formation unclear,,,,home,NA,formation unclear,,
7,SV BW Hohen Neuendorf,Füchse Berlin,NA,NA,formation unclear,,,,home,NA,formation unclear,,
7,SC Staaken,SC Charlottenburg,NA,NA,formation unclear,,,,home,NA,formation unclear,,
7,Polar Pinguin Berlin,SSC Südwest 1947,NA,NA,formation unclear,,,,away,NA,formation unclear,,
7,FSV Spandauer Kickers,TSV Rudow Berlin,NA,NA,formation unclear,,,,away,NA,formation unclear,,
7,SFC Stern 1900,Berlin Türkspor,NA,NA,formation unclear,,,,away,NA,formation unclear,,
7,Berliner SC,Sp.Vg. Blau Weiß 1890 Berlin,NA,NA,formation unclear,,,,away,NA,formation unclear,,
7,TSV Mariendorf 1897,VSG Altglienicke II,NA,NA,formation unclear,,,,away,NA,formation unclear,,
7,SV Empor Berlin,VfB Fortuna Biesdorf,NA,NA,formation unclear,,,,away,NA,formation unclear,,
7,1. FC Wilmersdorf,Frohnauer SC,NA,NA,formation unclear,,,,away,NA,formation unclear,,
7,Füchse Berlin,SV BW Hohen Neuendorf,NA,NA,formation unclear,,,,away,NA,formation unclear,,
7,SC Charlottenburg,SC Staaken,NA,NA,formation unclear,,,,away,NA,formation unclear,,
8,SC Charlottenburg,Berlin Türkspor,NA,NA,formation unclear,,,,home,NA,formation unclear,,
8,1. FC Wilmersdorf,FSV Spandauer Kickers,NA,NA,formation unclear,,,,home,NA,formation unclear,,
8,Füchse Berlin,SC Staaken,NA,NA,formation unclear,,,,home,NA,formation unclear,,
8,SFC Stern 1900,SSC Südwest 1947,NA,NA,formation unclear,,,,home,NA,formation unclear,,
8,SV Empor Berlin,VSG Altglienicke II,NA,NA,formation unclear,,,,home,NA,formation unclear,,
8,Frohnauer SC,Sp.Vg. Blau Weiß 1890 Berlin,NA,NA,formation unclear,,,,home,NA,formation unclear,,
8,Berliner SC,VfB Fortuna Biesdorf,NA,NA,formation unclear,,,,home,NA,formation unclear,,
8,Polar Pinguin Berlin,TSV Rudow Berlin,NA,NA,formation unclear,,,,home,NA,formation unclear,,
8,TSV Mariendorf 1897,SV BW Hohen Neuendorf,NA,NA,formation unclear,,,,home,NA,formation unclear,,
8,Berlin Türkspor,SC Charlottenburg,NA,NA,formation unclear,,,,away,NA,formation unclear,,
8,FSV Spandauer Kickers,1. FC Wilmersdorf,NA,NA,formation unclear,,,,away,NA,formation unclear,,
8,SC Staaken,Füchse Berlin,NA,NA,formation unclear,,,,away,NA,formation unclear,,
8,SSC Südwest 1947,SFC Stern 1900,NA,NA,formation unclear,,,,away,NA,formation unclear,,
8,VSG Altglienicke II,SV Empor Berlin,NA,NA,formation unclear,,,,away,NA,formation unclear,,
8,Sp.Vg. Blau Weiß 1890 Berlin,Frohnauer SC,NA,NA,formation unclear,,,,away,NA,formation unclear,,
8,VfB Fortuna Biesdorf,Berliner SC,NA,NA,formation unclear,,,,away,NA,formation unclear,,
8,TSV Rudow Berlin,Polar Pinguin Berlin,NA,NA,formation unclear,,,,away,NA,formation unclear,,
8,SV BW Hohen Neuendorf,TSV Mariendorf 1897,NA,NA,formation unclear,,,,away,NA,formation unclear,,
9,SSC Südwest 1947,SC Charlottenburg,NA,NA,formation unclear,,,,home,NA,formation unclear,,
9,TSV Rudow Berlin,SFC Stern 1900,NA,NA,formation unclear,,,,home,NA,formation unclear,,
9,Berlin Türkspor,Füchse Berlin,NA,NA,formation unclear,,,,home,NA,formation unclear,,
9,VSG Altglienicke II,Berliner SC,NA,NA,formation unclear,,,,home,NA,formation unclear,,
9,VfB Fortuna Biesdorf,Frohnauer SC,NA,NA,formation unclear,,,,home,NA,formation unclear,,
9,Sp.Vg. Blau Weiß 1890 Berlin,1. FC Wilmersdorf,NA,NA,formation unclear,,,,home,NA,formation unclear,,
9,FSV Spandauer Kickers,Polar Pinguin Berlin,NA,NA,formation unclear,,,,home,NA,formation unclear,,
9,SV BW Hohen Neuendorf,SV Empor Berlin,NA,NA,formation unclear,,,,home,NA,formation unclear,,
9,SC Staaken,TSV Mariendorf 1897,NA,NA,formation unclear,,,,home,NA,formation unclear,,
9,SC Charlottenburg,SSC Südwest 1947,NA,NA,formation unclear,,,,away,NA,formation unclear,,
9,SFC Stern 1900,TSV Rudow Berlin,NA,NA,formation unclear,,,,away,NA,formation unclear,,
9,Füchse Berlin,Berlin Türkspor,NA,NA,formation unclear,,,,away,NA,formation unclear,,
9,Berliner SC,VSG Altglienicke II,NA,NA,formation unclear,,,,away,NA,formation unclear,,
9,Frohnauer SC,VfB Fortuna Biesdorf,NA,NA,formation unclear,,,,away,NA,formation unclear,,
9,1. FC Wilmersdorf,Sp.Vg. Blau Weiß 1890 Berlin,NA,NA,formation unclear,,,,away,NA,formation unclear,,
9,Polar Pinguin Berlin,FSV Spandauer Kickers,NA,NA,formation unclear,,,,away,NA,formation unclear,,
9,SV Empor Berlin,SV BW Hohen Neuendorf,NA,NA,formation unclear,,,,away,NA,formation unclear,,
9,TSV Mariendorf 1897,SC Staaken,NA,NA,formation unclear,,,,away,NA,formation unclear,,
10,SSC Südwest 1947,SC Staaken,NA,NA,formation unclear,,,,home,NA,formation unclear,,
10,1. FC Wilmersdorf,Berlin Türkspor,NA,NA,formation unclear,,,,home,NA,formation unclear,,
10,TSV Rudow Berlin,SV BW Hohen Neuendorf,NA,NA,formation unclear,,,,home,NA,formation unclear,,
10,Füchse Berlin,Berliner SC,NA,NA,formation unclear,,,,home,NA,formation unclear,,
10,SC Charlottenburg,Frohnauer SC,NA,NA,formation unclear,,,,home,NA,formation unclear,,
10,SFC Stern 1900,Sp.Vg. Blau Weiß 1890 Berlin,NA,NA,formation unclear,,,,home,NA,formation unclear,,
10,FSV Spandauer Kickers,VSG Altglienicke II,NA,NA,formation unclear,,,,home,NA,formation unclear,,
10,Polar Pinguin Berlin,VfB Fortuna Biesdorf,NA,NA,formation unclear,,,,home,NA,formation unclear,,
10,TSV Mariendorf 1897,SV Empor Berlin,NA,NA,formation unclear,,,,home,NA,formation unclear,,
10,SC Staaken,SSC Südwest 1947,NA,NA,formation unclear,,,,away,NA,formation unclear,,
10,Berlin Türkspor,1. FC Wilmersdorf,NA,NA,formation unclear,,,,away,NA,formation unclear,,
10,SV BW Hohen Neuendorf,TSV Rudow Berlin,NA,NA,formation unclear,,,,away,NA,formation unclear,,
10,Berliner SC,Füchse Berlin,NA,NA,formation unclear,,,,away,NA,formation unclear,,
10,Frohnauer SC,SC Charlottenburg,NA,NA,formation unclear,,,,away,NA,formation unclear,,
10,Sp.Vg. Blau Weiß 1890 Berlin,SFC Stern 1900,NA,NA,formation unclear,,,,away,NA,formation unclear,,
10,VSG Altglienicke II,FSV Spandauer Kickers,NA,NA,formation unclear,,,,away,NA,formation unclear,,
10,VfB Fortuna Biesdorf,Polar Pinguin Berlin,NA,NA,formation unclear,,,,away,NA,formation unclear,,
10,SV Empor Berlin,TSV Mariendorf 1897,NA,NA,formation unclear,,,,away,NA,formation unclear,,
11,Berlin Türkspor,SSC Südwest 1947,NA,NA,formation unclear,,,,home,NA,formation unclear,,
11,Sp.Vg. Blau Weiß 1890 Berlin,SC Charlottenburg,NA,NA,formation unclear,,,,home,NA,formation unclear,,
11,VSG Altglienicke II,Polar Pinguin Berlin,NA,NA,formation unclear,,,,home,NA,formation unclear,,
11,VfB Fortuna Biesdorf,SFC Stern 1900,NA,NA,formation unclear,,,,home,NA,formation unclear,,
11,SV Empor Berlin,1. FC Wilmersdorf,NA,NA,formation unclear,,,,home,NA,formation unclear,,
11,Frohnauer SC,Füchse Berlin,NA,NA,formation unclear,,,,home,NA,formation unclear,,
11,Berliner SC,TSV Mariendorf 1897,NA,NA,formation unclear,,,,home,NA,formation unclear,,
11,SV BW Hohen Neuendorf,FSV Spandauer Kickers,NA,NA,formation unclear,,,,home,NA,formation unclear,,
11,SC Staaken,TSV Rudow Berlin,NA,NA,formation unclear,,,,home,NA,formation unclear,,
11,SSC Südwest 1947,Berlin Türkspor,NA,NA,formation unclear,,,,away,NA,formation unclear,,
11,SC Charlottenburg,Sp.Vg. Blau Weiß 1890 Berlin,NA,NA,formation unclear,,,,away,NA,formation unclear,,
11,Polar Pinguin Berlin,VSG Altglienicke II,NA,NA,formation unclear,,,,away,NA,formation unclear,,
11,SFC Stern 1900,VfB Fortuna Biesdorf,NA,NA,formation unclear,,,,away,NA,formation unclear,,
11,1. FC Wilmersdorf,SV Empor Berlin,NA,NA,formation unclear,,,,away,NA,formation unclear,,
11,Füchse Berlin,Frohnauer SC,NA,NA,formation unclear,,,,away,NA,formation unclear,,
11,TSV Mariendorf 1897,Berliner SC,NA,NA,formation unclear,,,,away,NA,formation unclear,,
11,FSV Spandauer Kickers,SV BW Hohen Neuendorf,NA,NA,formation unclear,,,,away,NA,formation unclear,,
11,TSV Rudow Berlin,SC Staaken,NA,NA,formation unclear,,,,away,NA,formation unclear,,
12,1. FC Wilmersdorf,Polar Pinguin Berlin,NA,NA,formation unclear,,,,home,NA,formation unclear,,
12,Füchse Berlin,SSC Südwest 1947,NA,NA,formation unclear,,,,home,NA,formation unclear,,
12,SC Charlottenburg,TSV Rudow Berlin,NA,NA,formation unclear,,,,home,NA,formation unclear,,
12,Sp.Vg. Blau Weiß 1890 Berlin,VfB Fortuna Biesdorf,NA,NA,formation unclear,,,,home,NA,formation unclear,,
12,SFC Stern 1900,FSV Spandauer Kickers,NA,NA,formation unclear,,,,home,NA,formation unclear,,
12,SV Empor Berlin,SC Staaken,NA,NA,formation unclear,,,,home,NA,formation unclear,,
12,Frohnauer SC,VSG Altglienicke II,NA,NA,formation unclear,,,,home,NA,formation unclear,,
12,Berliner SC,SV BW Hohen Neuendorf,NA,NA,formation unclear,,,,home,NA,formation unclear,,
12,TSV Mariendorf 1897,Berlin Türkspor,NA,NA,formation unclear,,,,home,NA,formation unclear,,
12,Polar Pinguin Berlin,1. FC Wilmersdorf,NA,NA,formation unclear,,,,away,NA,formation unclear,,
12,SSC Südwest 1947,Füchse Berlin,NA,NA,formation unclear,,,,away,NA,formation unclear,,
12,TSV Rudow Berlin,SC Charlottenburg,NA,NA,formation unclear,,,,away,NA,formation unclear,,
12,VfB Fortuna Biesdorf,Sp.Vg. Blau Weiß 1890 Berlin,NA,NA,formation unclear,,,,away,NA,formation unclear,,
12,FSV Spandauer Kickers,SFC Stern 1900,NA,NA,formation unclear,,,,away,NA,formation unclear,,
12,SC Staaken,SV Empor Berlin,NA,NA,formation unclear,,,,away,NA,formation unclear,,
12,VSG Altglienicke II,Frohnauer SC,NA,NA,formation unclear,,,,away,NA,formation unclear,,
12,SV BW Hohen Neuendorf,Berliner SC,NA,NA,formation unclear,,,,away,NA,formation unclear,,
12,Berlin Türkspor,TSV Mariendorf 1897,NA,NA,formation unclear,,,,away,NA,formation unclear,,
13,1. FC Wilmersdorf,SFC Stern 1900,NA,NA,formation unclear,,,,home,NA,formation unclear,,
13,Füchse Berlin,FSV Spandauer Kickers,NA,NA,formation unclear,,,,home,NA,formation unclear,,
13,SC Charlottenburg,Polar Pinguin Berlin,NA,NA,formation unclear,,,,home,NA,formation unclear,,
13,Sp.Vg. Blau Weiß 1890 Berlin,SV BW Hohen Neuendorf,NA,NA,formation unclear,,,,home,NA,formation unclear,,
13,SV Empor Berlin,SSC Südwest 1947,NA,NA,formation unclear,,,,home,NA,formation unclear,,
13,VfB Fortuna Biesdorf,VSG Altglienicke II,NA,NA,formation unclear,,,,home,NA,formation unclear,,
13,Frohnauer SC,SC Staaken,NA,NA,formation unclear,,,,home,NA,formation unclear,,
13,Berliner SC,Berlin Türkspor,NA,NA,formation unclear,,,,home,NA,formation unclear,,
13,TSV Mariendorf 1897,TSV Rudow Berlin,NA,NA,formation unclear,,,,home,NA,formation unclear,,
13,SFC Stern 1900,1. FC Wilmersdorf,NA,NA,formation unclear,,,,away,NA,formation unclear,,
13,FSV Spandauer Kickers,Füchse Berlin,NA,NA,formation unclear,,,,away,NA,formation unclear,,
13,Polar Pinguin Berlin,SC Charlottenburg,NA,NA,formation unclear,,,,away,NA,formation unclear,,
13,SV BW Hohen Neuendorf,Sp.Vg. Blau Weiß 1890 Berlin,NA,NA,formation unclear,,,,away,NA,formation unclear,,
13,SSC Südwest 1947,SV Empor Berlin,NA,NA,formation unclear,,,,away,NA,formation unclear,,
13,VSG Altglienicke II,VfB Fortuna Biesdorf,NA,NA,formation unclear,,,,away,NA,formation unclear,,
13,SC Staaken,Frohnauer SC,NA,NA,formation unclear,,,,away,NA,formation unclear,,
13,Berlin Türkspor,Berliner SC,NA,NA,formation unclear,,,,away,NA,formation unclear,,
13,TSV Rudow Berlin,TSV Mariendorf 1897,NA,NA,formation unclear,,,,away,NA,formation unclear,,
14,SSC Südwest 1947,Berliner SC,NA,NA,formation unclear,,,,home,NA,formation unclear,,
14,1. FC Wilmersdorf,VSG Altglienicke II,NA,NA,formation unclear,,,,home,NA,formation unclear,,
14,TSV Rudow Berlin,SV Empor Berlin,NA,NA,formation unclear,,,,home,NA,formation unclear,,
14,Berlin Türkspor,Frohnauer SC,NA,NA,formation unclear,,,,home,NA,formation unclear,,
14,SFC Stern 1900,SC Charlottenburg,NA,NA,formation unclear,,,,home,NA,formation unclear,,
14,FSV Spandauer Kickers,TSV Mariendorf 1897,NA,NA,formation unclear,,,,home,NA,formation unclear,,
14,SV BW Hohen Neuendorf,VfB Fortuna Biesdorf,NA,NA,formation unclear,,,,home,NA,formation unclear,,
14,Polar Pinguin Berlin,Füchse Berlin,NA,NA,formation unclear,,,,home,NA,formation unclear,,
14,SC Staaken,Sp.Vg. Blau Weiß 1890 Berlin,NA,NA,formation unclear,,,,home,NA,formation unclear,,
14,Berliner SC,SSC Südwest 1947,NA,NA,formation unclear,,,,away,NA,formation unclear,,
14,VSG Altglienicke II,1. FC Wilmersdorf,NA,NA,formation unclear,,,,away,NA,formation unclear,,
14,SV Empor Berlin,TSV Rudow Berlin,NA,NA,formation unclear,,,,away,NA,formation unclear,,
14,Frohnauer SC,Berlin Türkspor,NA,NA,formation unclear,,,,away,NA,formation unclear,,
14,SC Charlottenburg,SFC Stern 1900,NA,NA,formation unclear,,,,away,NA,formation unclear,,
14,TSV Mariendorf 1897,FSV Spandauer Kickers,NA,NA,formation unclear,,,,away,NA,formation unclear,,
14,VfB Fortuna Biesdorf,SV BW Hohen Neuendorf,NA,NA,formation unclear,,,,away,NA,formation unclear,,
14,Füchse Berlin,Polar Pinguin Berlin,NA,NA,formation unclear,,,,away,NA,formation unclear,,
14,Sp.Vg. Blau Weiß 1890 Berlin,SC Staaken,NA,NA,formation unclear,,,,away,NA,formation unclear,,
15,VfB Fortuna Biesdorf,1. FC Wilmersdorf,NA,NA,formation unclear,,,,home,NA,formation unclear,,
15,SSC Südwest 1947,TSV Mariendorf 1897,NA,NA,formation unclear,,,,home,NA,formation unclear,,
15,VSG Altglienicke II,Sp.Vg. Blau Weiß 1890 Berlin,NA,NA,formation unclear,,,,home,NA,formation unclear,,
15,Polar Pinguin Berlin,SFC Stern 1900,NA,NA,formation unclear,,,,home,NA,formation unclear,,
15,FSV Spandauer Kickers,SC Charlottenburg,NA,NA,formation unclear,,,,home,NA,formation unclear,,
15,TSV Rudow Berlin,Füchse Berlin,NA,NA,formation unclear,,,,home,NA,formation unclear,,
15,Berlin Türkspor,SV Empor Berlin,NA,NA,formation unclear,,,,home,NA,formation unclear,,
15,SC Staaken,Berliner SC,NA,NA,formation unclear,,,,home,NA,formation unclear,,
15,SV BW Hohen Neuendorf,Frohnauer SC,NA,NA,formation unclear,,,,home,NA,formation unclear,,
15,1. FC Wilmersdorf,VfB Fortuna Biesdorf,NA,NA,formation unclear,,,,away,NA,formation unclear,,
15,TSV Mariendorf 1897,SSC Südwest 1947,NA,NA,formation unclear,,,,away,NA,formation unclear,,
15,Sp.Vg. Blau Weiß 1890 Berlin,VSG Altglienicke II,NA,NA,formation unclear,,,,away,NA,formation unclear,,
15,SFC Stern 1900,Polar Pinguin Berlin,NA,NA,formation unclear,,,,away,NA,formation unclear,,
15,SC Charlottenburg,FSV Spandauer Kickers,NA,NA,formation unclear,,,,away,NA,formation unclear,,
15,Füchse Berlin,TSV Rudow Berlin,NA,NA,formation unclear,,,,away,NA,formation unclear,,
15,SV Empor Berlin,Berlin Türkspor,NA,NA,formation unclear,,,,away,NA,formation unclear,,
15,Berliner SC,SC Staaken,NA,NA,formation unclear,,,,away,NA,formation unclear,,
15,Frohnauer SC,SV BW Hohen Neuendorf,NA,NA,formation unclear,,,,away,NA,formation unclear,,
16,Füchse Berlin,SFC Stern 1900,NA,NA,formation unclear,,,,home,NA,formation unclear,,
16,VSG Altglienicke II,SV BW Hohen Neuendorf,NA,NA,formation unclear,,,,home,NA,formation unclear,,
16,Sp.Vg. Blau Weiß 1890 Berlin,Berlin Türkspor,NA,NA,formation unclear,,,,home,NA,formation unclear,,
16,SV Empor Berlin,FSV Spandauer Kickers,NA,NA,formation unclear,,,,home,NA,formation unclear,,
16,VfB Fortuna Biesdorf,SC Staaken,NA,NA,formation unclear,,,,home,NA,formation unclear,,
16,SC Charlottenburg,1. FC Wilmersdorf,NA,NA,formation unclear,,,,home,NA,formation unclear,,
16,Frohnauer SC,SSC Südwest 1947,NA,NA,formation unclear,,,,home,NA,formation unclear,,
16,Berliner SC,TSV Rudow Berlin,NA,NA,formation unclear,,,,home,NA,formation unclear,,
16,TSV Mariendorf 1897,Polar Pinguin Berlin,NA,NA,formation unclear,,,,home,NA,formation unclear,,
16,SFC Stern 1900,Füchse Berlin,NA,NA,formation unclear,,,,away,NA,formation unclear,,
16,SV BW Hohen Neuendorf,VSG Altglienicke II,NA,NA,formation unclear,,,,away,NA,formation unclear,,
16,Berlin Türkspor,Sp.Vg. Blau Weiß 1890 Berlin,NA,NA,formation unclear,,,,away,NA,formation unclear,,
16,FSV Spandauer Kickers,SV Empor Berlin,NA,NA,formation unclear,,,,away,NA,formation unclear,,
16,SC Staaken,VfB Fortuna Biesdorf,NA,NA,formation unclear,,,,away,NA,formation unclear,,
16,1. FC Wilmersdorf,SC Charlottenburg,NA,NA,formation unclear,,,,away,NA,formation unclear,,
16,SSC Südwest 1947,Frohnauer SC,NA,NA,formation unclear,,,,away,NA,formation unclear,,
16,TSV Rudow Berlin,Berliner SC,NA,NA,formation unclear,,,,away,NA,formation unclear,,
16,Polar Pinguin Berlin,TSV Mariendorf 1897,NA,NA,formation unclear,,,,away,NA,formation unclear,,
17,1. FC Wilmersdorf,SSC Südwest 1947,NA,NA,formation unclear,,,,home,NA,formation unclear,,
17,TSV Rudow Berlin,Berlin Türkspor,NA,NA,formation unclear,,,,home,NA,formation unclear,,
17,Füchse Berlin,Sp.Vg. Blau Weiß 1890 Berlin,NA,NA,formation unclear,,,,home,NA,formation unclear,,
17,SC Charlottenburg,VfB Fortuna Biesdorf,NA,NA,formation unclear,,,,home,NA,formation unclear,,
17,SFC Stern 1900,VSG Altglienicke II,NA,NA,formation unclear,,,,home,NA,formation unclear,,
17,SV Empor Berlin,Berliner SC,NA,NA,formation unclear,,,,home,NA,formation unclear,,
17,FSV Spandauer Kickers,SC Staaken,NA,NA,formation unclear,,,,home,NA,formation unclear,,
17,Polar Pinguin Berlin,SV BW Hohen Neuendorf,NA,NA,formation unclear,,,,home,NA,formation unclear,,
17,TSV Mariendorf 1897,Frohnauer SC,NA,NA,formation unclear,,,,home,NA,formation unclear,,
17,SSC Südwest 1947,1. FC Wilmersdorf,NA,NA,formation unclear,,,,away,NA,formation unclear,,
17,Berlin Türkspor,TSV Rudow Berlin,NA,NA,formation unclear,,,,away,NA,formation unclear,,
17,Sp.Vg. Blau Weiß 1890 Berlin,Füchse Berlin,NA,NA,formation unclear,,,,away,NA,formation unclear,,
17,VfB Fortuna Biesdorf,SC Charlottenburg,NA,NA,formation unclear,,,,away,NA,formation unclear,,
17,VSG Altglienicke II,SFC Stern 1900,NA,NA,formation unclear,,,,away,NA,formation unclear,,
17,Berliner SC,SV Empor Berlin,NA,NA,formation unclear,,,,away,NA,formation unclear,,
17,SC Staaken,FSV Spandauer Kickers,NA,NA,formation unclear,,,,away,NA,formation unclear,,
17,SV BW Hohen Neuendorf,Polar Pinguin Berlin,NA,NA,formation unclear,,,,away,NA,formation unclear,,
17,Frohnauer SC,TSV Mariendorf 1897,NA,NA,formation unclear,,,,away,NA,formation unclear,,
18,Polar Pinguin Berlin,Sp.Vg. Blau Weiß 1890 Berlin,NA,NA,formation unclear,,,,home,NA,formation unclear,,
18,TSV Rudow Berlin,VSG Altglienicke II,NA,NA,formation unclear,,,,home,NA,formation unclear,,
18,FSV Spandauer Kickers,VfB Fortuna Biesdorf,NA,NA,formation unclear,,,,home,NA,formation unclear,,
18,Füchse Berlin,SV Empor Berlin,NA,NA,formation unclear,,,,home,NA,formation unclear,,
18,SFC Stern 1900,Frohnauer SC,NA,NA,formation unclear,,,,home,NA,formation unclear,,
18,SC Charlottenburg,Berliner SC,NA,NA,formation unclear,,,,home,NA,formation unclear,,
18,SSC Südwest 1947,SV BW Hohen Neuendorf,NA,NA,formation unclear,,,,home,NA,formation unclear,,
18,Berlin Türkspor,SC Staaken,NA,NA,formation unclear,,,,home,NA,formation unclear,,
18,1. FC Wilmersdorf,TSV Mariendorf 1897,NA,NA,formation unclear,,,,home,NA,formation unclear,,
18,Sp.Vg. Blau Weiß 1890 Berlin,Polar Pinguin Berlin,NA,NA,formation unclear,,,,away,NA,formation unclear,,
18,VSG Altglienicke II,TSV Rudow Berlin,NA,NA,formation unclear,,,,away,NA,formation unclear,,
18,VfB Fortuna Biesdorf,FSV Spandauer Kickers,NA,NA,formation unclear,,,,away,NA,formation unclear,,
18,SV Empor Berlin,Füchse Berlin,NA,NA,formation unclear,,,,away,NA,formation unclear,,
18,Frohnauer SC,SFC Stern 1900,NA,NA,formation unclear,,,,away,NA,formation unclear,,
18,Berliner SC,SC Charlottenburg,NA,NA,formation unclear,,,,away,NA,formation unclear,,
18,SV BW Hohen Neuendorf,SSC Südwest 1947,NA,NA,formation unclear,,,,away,NA,formation unclear,,
18,SC Staaken,Berlin Türkspor,NA,NA,formation unclear,,,,away,NA,formation unclear,,
18,TSV Mariendorf 1897,1. FC Wilmersdorf,NA,NA,formation unclear,,,,away,NA,formation unclear,,
19,SC Staaken,SSC Südwest 1947,NA,NA,formation unclear,,,,home,NA,formation unclear,,
19,Berlin Türkspor,1. FC Wilmersdorf,NA,NA,formation unclear,,,,home,NA,formation unclear,,
19,SV BW Hohen Neuendorf,TSV Rudow Berlin,NA,NA,formation unclear,,,,home,NA,formation unclear,,
19,Berliner SC,Füchse Berlin,NA,NA,formation unclear,,,,home,NA,formation unclear,,
19,Frohnauer SC,SC Charlottenburg,NA,NA,formation unclear,,,,home,NA,formation unclear,,
19,Sp.Vg. Blau Weiß 1890 Berlin,SFC Stern 1900,NA,NA,formation unclear,,,,home,NA,formation unclear,,
19,VSG Altglienicke II,FSV Spandauer Kickers,NA,NA,formation unclear,,,,home,NA,formation unclear,,
19,VfB Fortuna Biesdorf,Polar Pinguin Berlin,NA,NA,formation unclear,,,,home,NA,formation unclear,,
19,SV Empor Berlin,TSV Mariendorf 1897,NA,NA,formation unclear,,,,home,NA,formation unclear,,
19,SSC Südwest 1947,SC Staaken,NA,NA,formation unclear,,,,away,NA,formation unclear,,
19,1. FC Wilmersdorf,Berlin Türkspor,NA,NA,formation unclear,,,,away,NA,formation unclear,,
19,TSV Rudow Berlin,SV BW Hohen Neuendorf,NA,NA,formation unclear,,,,away,NA,formation unclear,,
19,Füchse Berlin,Berliner SC,NA,NA,formation unclear,,,,away,NA,formation unclear,,
19,SC Charlottenburg,Frohnauer SC,NA,NA,formation unclear,,,,away,NA,formation unclear,,
19,SFC Stern 1900,Sp.Vg. Blau Weiß 1890 Berlin,NA,NA,formation unclear,,,,away,NA,formation unclear,,
19,FSV Spandauer Kickers,VSG Altglienicke II,NA,NA,formation unclear,,,,away,NA,formation unclear,,
19,Polar Pinguin Berlin,VfB Fortuna Biesdorf,NA,NA,formation unclear,,,,away,NA,formation unclear,,
19,TSV Mariendorf 1897,SV Empor Berlin,NA,NA,formation unclear,,,,away,NA,formation unclear,,
20,SSC Südwest 1947,Berlin Türkspor,NA,NA,formation unclear,,,,home,NA,formation unclear,,
20,SC Charlottenburg,Sp.Vg. Blau Weiß 1890 Berlin,NA,NA,formation unclear,,,,home,NA,formation unclear,,
20,Polar Pinguin Berlin,VSG Altglienicke II,NA,NA,formation unclear,,,,home,NA,formation unclear,,
20,SFC Stern 1900,VfB Fortuna Biesdorf,NA,NA,formation unclear,,,,home,NA,formation unclear,,
20,1. FC Wilmersdorf,SV Empor Berlin,NA,NA,formation unclear,,,,home,NA,formation unclear,,
20,Füchse Berlin,Frohnauer SC,NA,NA,formation unclear,,,,home,NA,formation unclear,,
20,TSV Mariendorf 1897,Berliner SC,NA,NA,formation unclear,,,,home,NA,formation unclear,,
20,FSV Spandauer Kickers,SV BW Hohen Neuendorf,NA,NA,formation unclear,,,,home,NA,formation unclear,,
20,TSV Rudow Berlin,SC Staaken,NA,NA,formation unclear,,,,home,NA,formation unclear,,
20,Berlin Türkspor,SSC Südwest 1947,NA,NA,formation unclear,,,,away,NA,formation unclear,,
20,Sp.Vg. Blau Weiß 1890 Berlin,SC Charlottenburg,NA,NA,formation unclear,,,,away,NA,formation unclear,,
20,VSG Altglienicke II,Polar Pinguin Berlin,NA,NA,formation unclear,,,,away,NA,formation unclear,,
20,VfB Fortuna Biesdorf,SFC Stern 1900,NA,NA,formation unclear,,,,away,NA,formation unclear,,
20,SV Empor Berlin,1. FC Wilmersdorf,NA,NA,formation unclear,,,,away,NA,formation unclear,,
20,Frohnauer SC,Füchse Berlin,NA,NA,formation unclear,,,,away,NA,formation unclear,,
20,Berliner SC,TSV Mariendorf 1897,NA,NA,formation unclear,,,,away,NA,formation unclear,,
20,SV BW Hohen Neuendorf,FSV Spandauer Kickers,NA,NA,formation unclear,,,,away,NA,formation unclear,,
20,SC Staaken,TSV Rudow Berlin,NA,NA,formation unclear,,,,away,NA,formation unclear,,
21,SSC Südwest 1947,1. FC Wilmersdorf,NA,NA,formation unclear,,,,home,NA,formation unclear,,
21,Berlin Türkspor,TSV Rudow Berlin,NA,NA,formation unclear,,,,home,NA,formation unclear,,
21,Sp.Vg. Blau Weiß 1890 Berlin,Füchse Berlin,NA,NA,formation unclear,,,,home,NA,formation unclear,,
21,VfB Fortuna Biesdorf,SC Charlottenburg,NA,NA,formation unclear,,,,home,NA,formation unclear,,
21,VSG Altglienicke II,SFC Stern 1900,NA,NA,formation unclear,,,,home,NA,formation unclear,,
21,Berliner SC,SV Empor Berlin,NA,NA,formation unclear,,,,home,NA,formation unclear,,
21,SC Staaken,FSV Spandauer Kickers,NA,NA,formation unclear,,,,home,NA,formation unclear,,
21,SV BW Hohen Neuendorf,Polar Pinguin Berlin,NA,NA,formation unclear,,,,home,NA,formation unclear,,
21,Frohnauer SC,TSV Mariendorf 1897,NA,NA,formation unclear,,,,home,NA,formation unclear,,
21,1. FC Wilmersdorf,SSC Südwest 1947,NA,NA,formation unclear,,,,away,NA,formation unclear,,
21,TSV Rudow Berlin,Berlin Türkspor,NA,NA,formation unclear,,,,away,NA,formation unclear,,
21,Füchse Berlin,Sp.Vg. Blau Weiß 1890 Berlin,NA,NA,formation unclear,,,,away,NA,formation unclear,,
21,SC Charlottenburg,VfB Fortuna Biesdorf,NA,NA,formation unclear,,,,away,NA,formation unclear,,
21,SFC Stern 1900,VSG Altglienicke II,NA,NA,formation unclear,,,,away,NA,formation unclear,,
21,SV Empor Berlin,Berliner SC,NA,NA,formation unclear,,,,away,NA,formation unclear,,
21,FSV Spandauer Kickers,SC Staaken,NA,NA,formation unclear,,,,away,NA,formation unclear,,
21,Polar Pinguin Berlin,SV BW Hohen Neuendorf,NA,NA,formation unclear,,,,away,NA,formation unclear,,
21,TSV Mariendorf 1897,Frohnauer SC,NA,NA,formation unclear,,,,away,NA,formation unclear,,
22,TSV Rudow Berlin,SSC Südwest 1947,NA,NA,formation unclear,,,,home,NA,formation unclear,,
22,FSV Spandauer Kickers,Berlin Türkspor,NA,NA,formation unclear,,,,home,NA,formation unclear,,
22,SC Charlottenburg,VSG Altglienicke II,NA,NA,formation unclear,,,,home,NA,formation unclear,,
22,Füchse Berlin,VfB Fortuna Biesdorf,NA,NA,formation unclear,,,,home,NA,formation unclear,,
22,TSV Mariendorf 1897,Sp.Vg. Blau Weiß 1890 Berlin,NA,NA,formation unclear,,,,home,NA,formation unclear,,
22,SFC Stern 1900,SV BW Hohen Neuendorf,NA,NA,formation unclear,,,,home,NA,formation unclear,,
22,SV Empor Berlin,Frohnauer SC,NA,NA,formation unclear,,,,home,NA,formation unclear,,
22,1. FC Wilmersdorf,Berliner SC,NA,NA,formation unclear,,,,home,NA,formation unclear,,
22,Polar Pinguin Berlin,SC Staaken,NA,NA,formation unclear,,,,home,NA,formation unclear,,
22,SSC Südwest 1947,TSV Rudow Berlin,NA,NA,formation unclear,,,,away,NA,formation unclear,,
22,Berlin Türkspor,FSV Spandauer Kickers,NA,NA,formation unclear,,,,away,NA,formation unclear,,
22,VSG Altglienicke II,SC Charlottenburg,NA,NA,formation unclear,,,,away,NA,formation unclear,,
22,VfB Fortuna Biesdorf,Füchse Berlin,NA,NA,formation unclear,,,,away,NA,formation unclear,,
22,Sp.Vg. Blau Weiß 1890 Berlin,TSV Mariendorf 1897,NA,NA,formation unclear,,,,away,NA,formation unclear,,
22,SV BW Hohen Neuendorf,SFC Stern 1900,NA,NA,formation unclear,,,,away,NA,formation unclear,,
22,Frohnauer SC,SV Empor Berlin,NA,NA,formation unclear,,,,away,NA,formation unclear,,
22,Berliner SC,1. FC Wilmersdorf,NA,NA,formation unclear,,,,away,NA,formation unclear,,
22,SC Staaken,Polar Pinguin Berlin,NA,NA,formation unclear,,,,away,NA,formation unclear,,
23,TSV Rudow Berlin,1. FC Wilmersdorf,NA,NA,formation unclear,,,,home,NA,formation unclear,,
23,VSG Altglienicke II,Füchse Berlin,NA,NA,formation unclear,,,,home,NA,formation unclear,,
23,SC Staaken,SFC Stern 1900,NA,NA,formation unclear,,,,home,NA,formation unclear,,
23,Sp.Vg. Blau Weiß 1890 Berlin,SV Empor Berlin,NA,NA,formation unclear,,,,home,NA,formation unclear,,
23,SSC Südwest 1947,FSV Spandauer Kickers,NA,NA,formation unclear,,,,home,NA,formation unclear,,
23,SV BW Hohen Neuendorf,SC Charlottenburg,NA,NA,formation unclear,,,,home,NA,formation unclear,,
23,Frohnauer SC,Berliner SC,NA,NA,formation unclear,,,,home,NA,formation unclear,,
23,Berlin Türkspor,Polar Pinguin Berlin,NA,NA,formation unclear,,,,home,NA,formation unclear,,
23,VfB Fortuna Biesdorf,TSV Mariendorf 1897,NA,NA,formation unclear,,,,home,NA,formation unclear,,
23,1. FC Wilmersdorf,TSV Rudow Berlin,NA,NA,formation unclear,,,,away,NA,formation unclear,,
23,Füchse Berlin,VSG Altglienicke II,NA,NA,formation unclear,,,,away,NA,formation unclear,,
23,SFC Stern 1900,SC Staaken,NA,NA,formation unclear,,,,away,NA,formation unclear,,
23,SV Empor Berlin,Sp.Vg. Blau Weiß 1890 Berlin,NA,NA,formation unclear,,,,away,NA,formation unclear,,
23,FSV Spandauer Kickers,SSC Südwest 1947,NA,NA,formation unclear,,,,away,NA,formation unclear,,
23,SC Charlottenburg,SV BW Hohen Neuendorf,NA,NA,formation unclear,,,,away,NA,formation unclear,,
23,Berliner SC,Frohnauer SC,NA,NA,formation unclear,,,,away,NA,formation unclear,,
23,Polar Pinguin Berlin,Berlin Türkspor,NA,NA,formation unclear,,,,away,NA,formation unclear,,
23,TSV Mariendorf 1897,VfB Fortuna Biesdorf,NA,NA,formation unclear,,,,away,NA,formation unclear,,
24,VSG Altglienicke II,SSC Südwest 1947,NA,NA,formation unclear,,,,home,NA,formation unclear,,
24,SC Staaken,1. FC Wilmersdorf,NA,NA,formation unclear,,,,home,NA,formation unclear,,
24,VfB Fortuna Biesdorf,TSV Rudow Berlin,NA,NA,formation unclear,,,,home,NA,formation unclear,,
24,SV BW Hohen Neuendorf,Berlin Türkspor,NA,NA,formation unclear,,,,home,NA,formation unclear,,
24,TSV Mariendorf 1897,Füchse Berlin,NA,NA,formation unclear,,,,home,NA,formation unclear,,
24,Berliner SC,SFC Stern 1900,NA,NA,formation unclear,,,,home,NA,formation unclear,,
24,Sp.Vg. Blau Weiß 1890 Berlin,FSV Spandauer Kickers,NA,NA,formation unclear,,,,home,NA,formation unclear,,
24,SV Empor Berlin,SC Charlottenburg,NA,NA,formation unclear,,,,home,NA,formation unclear,,
24,Frohnauer SC,Polar Pinguin Berlin,NA,NA,formation unclear,,,,home,NA,formation unclear,,
24,SSC Südwest 1947,VSG Altglienicke II,NA,NA,formation unclear,,,,away,NA,formation unclear,,
24,1. FC Wilmersdorf,SC Staaken,NA,NA,formation unclear,,,,away,NA,formation unclear,,
24,TSV Rudow Berlin,VfB Fortuna Biesdorf,NA,NA,formation unclear,,,,away,NA,formation unclear,,
24,Berlin Türkspor,SV BW Hohen Neuendorf,NA,NA,formation unclear,,,,away,NA,formation unclear,,
24,Füchse Berlin,TSV Mariendorf 1897,NA,NA,formation unclear,,,,away,NA,formation unclear,,
24,SFC Stern 1900,Berliner SC,NA,NA,formation unclear,,,,away,NA,formation unclear,,
24,FSV Spandauer Kickers,Sp.Vg. Blau Weiß 1890 Berlin,NA,NA,formation unclear,,,,away,NA,formation unclear,,
24,SC Charlottenburg,SV Empor Berlin,NA,NA,formation unclear,,,,away,NA,formation unclear,,
24,Polar Pinguin Berlin,Frohnauer SC,NA,NA,formation unclear,,,,away,NA,formation unclear,,
25,SFC Stern 1900,1. FC Wilmersdorf,NA,NA,formation unclear,,,,home,NA,formation unclear,,
25,FSV Spandauer Kickers,Füchse Berlin,NA,NA,formation unclear,,,,home,NA,formation unclear,,
25,Polar Pinguin Berlin,SC Charlottenburg,NA,NA,formation unclear,,,,home,NA,formation unclear,,
25,SV BW Hohen Neuendorf,Sp.Vg. Blau Weiß 1890 Berlin,NA,NA,formation unclear,,,,home,NA,formation unclear,,
25,SSC Südwest 1947,SV Empor Berlin,NA,NA,formation unclear,,,,home,NA,formation unclear,,
25,VSG Altglienicke II,VfB Fortuna Biesdorf,NA,NA,formation unclear,,,,home,NA,formation unclear,,
25,SC Staaken,Frohnauer SC,NA,NA,formation unclear,,,,home,NA,formation unclear,,
25,Berlin Türkspor,Berliner SC,NA,NA,formation unclear,,,,home,NA,formation unclear,,
25,TSV Rudow Berlin,TSV Mariendorf 1897,NA,NA,formation unclear,,,,home,NA,formation unclear,,
25,1. FC Wilmersdorf,SFC Stern 1900,NA,NA,formation unclear,,,,away,NA,formation unclear,,
25,Füchse Berlin,FSV Spandauer Kickers,NA,NA,formation unclear,,,,away,NA,formation unclear,,
25,SC Charlottenburg,Polar Pinguin Berlin,NA,NA,formation unclear,,,,away,NA,formation unclear,,
25,Sp.Vg. Blau Weiß 1890 Berlin,SV BW Hohen Neuendorf,NA,NA,formation unclear,,,,away,NA,formation unclear,,
25,SV Empor Berlin,SSC Südwest 1947,NA,NA,formation unclear,,,,away,NA,formation unclear,,
25,VfB Fortuna Biesdorf,VSG Altglienicke II,NA,NA,formation unclear,,,,away,NA,formation unclear,,
25,Frohnauer SC,SC Staaken,NA,NA,formation unclear,,,,away,NA,formation unclear,,
25,Berliner SC,Berlin Türkspor,NA,NA,formation unclear,,,,away,NA,formation unclear,,
25,TSV Mariendorf 1897,TSV Rudow Berlin,NA,NA,formation unclear,,,,away,NA,formation unclear,,
26,Polar Pinguin Berlin,SSC Südwest 1947,NA,NA,formation unclear,,,,home,NA,formation unclear,,
26,FSV Spandauer Kickers,TSV Rudow Berlin,NA,NA,formation unclear,,,,home,NA,formation unclear,,
26,SFC Stern 1900,Berlin Türkspor,NA,NA,formation unclear,,,,home,NA,formation unclear,,
26,Berliner SC,Sp.Vg. Blau Weiß 1890 Berlin,NA,NA,formation unclear,,,,home,NA,formation unclear,,
26,TSV Mariendorf 1897,VSG Altglienicke II,NA,NA,formation unclear,,,,home,NA,formation unclear,,
26,SV Empor Berlin,VfB Fortuna Biesdorf,NA,NA,formation unclear,,,,home,NA,formation unclear,,
26,1. FC Wilmersdorf,Frohnauer SC,NA,NA,formation unclear,,,,home,NA,formation unclear,,
26,Füchse Berlin,SV BW Hohen Neuendorf,NA,NA,formation unclear,,,,home,NA,formation unclear,,
26,SC Charlottenburg,SC Staaken,NA,NA,formation unclear,,,,home,NA,formation unclear,,
26,SSC Südwest 1947,Polar Pinguin Berlin,NA,NA,formation unclear,,,,away,NA,formation unclear,,
26,TSV Rudow Berlin,FSV Spandauer Kickers,NA,NA,formation unclear,,,,away,NA,formation unclear,,
26,Berlin Türkspor,SFC Stern 1900,NA,NA,formation unclear,,,,away,NA,formation unclear,,
26,Sp.Vg. Blau Weiß 1890 Berlin,Berliner SC,NA,NA,formation unclear,,,,away,NA,formation unclear,,
26,VSG Altglienicke II,TSV Mariendorf 1897,NA,NA,formation unclear,,,,away,NA,formation unclear,,
26,VfB Fortuna Biesdorf,SV Empor Berlin,NA,NA,formation unclear,,,,away,NA,formation unclear,,
26,Frohnauer SC,1. FC Wilmersdorf,NA,NA,formation unclear,,,,away,NA,formation unclear,,
26,SV BW Hohen Neuendorf,Füchse Berlin,NA,NA,formation unclear,,,,away,NA,formation unclear,,
26,SC Staaken,SC Charlottenburg,NA,NA,formation unclear,,,,away,NA,formation unclear,,
27,Berlin Türkspor,SC Charlottenburg,NA,NA,formation unclear,,,,home,NA,formation unclear,,
27,FSV Spandauer Kickers,1. FC Wilmersdorf,NA,NA,formation unclear,,,,home,NA,formation unclear,,
27,SC Staaken,Füchse Berlin,NA,NA,formation unclear,,,,home,NA,formation unclear,,
27,SSC Südwest 1947,SFC Stern 1900,NA,NA,formation unclear,,,,home,NA,formation unclear,,
27,VSG Altglienicke II,SV Empor Berlin,NA,NA,formation unclear,,,,home,NA,formation unclear,,
27,Sp.Vg. Blau Weiß 1890 Berlin,Frohnauer SC,NA,NA,formation unclear,,,,home,NA,formation unclear,,
27,VfB Fortuna Biesdorf,Berliner SC,NA,NA,formation unclear,,,,home,NA,formation unclear,,
27,TSV Rudow Berlin,Polar Pinguin Berlin,NA,NA,formation unclear,,,,home,NA,formation unclear,,
27,SV BW Hohen Neuendorf,TSV Mariendorf 1897,NA,NA,formation unclear,,,,home,NA,formation unclear,,
27,SC Charlottenburg,Berlin Türkspor,NA,NA,formation unclear,,,,away,NA,formation unclear,,
27,1. FC Wilmersdorf,FSV Spandauer Kickers,NA,NA,formation unclear,,,,away,NA,formation unclear,,
27,Füchse Berlin,SC Staaken,NA,NA,formation unclear,,,,away,NA,formation unclear,,
27,SFC Stern 1900,SSC Südwest 1947,NA,NA,formation unclear,,,,away,NA,formation unclear,,
27,SV Empor Berlin,VSG Altglienicke II,NA,NA,formation unclear,,,,away,NA,formation unclear,,
27,Frohnauer SC,Sp.Vg. Blau Weiß 1890 Berlin,NA,NA,formation unclear,,,,away,NA,formation unclear,,
27,Berliner SC,VfB Fortuna Biesdorf,NA,NA,formation unclear,,,,away,NA,formation unclear,,
27,Polar Pinguin Berlin,TSV Rudow Berlin,NA,NA,formation unclear,,,,away,NA,formation unclear,,
27,TSV Mariendorf 1897,SV BW Hohen Neuendorf,NA,NA,formation unclear,,,,away,NA,formation unclear,,
28,SC Charlottenburg,SSC Südwest 1947,NA,NA,formation unclear,,,,home,NA,formation unclear,,
28,SFC Stern 1900,TSV Rudow Berlin,NA,NA,formation unclear,,,,home,NA,formation unclear,,
28,Füchse Berlin,Berlin Türkspor,NA,NA,formation unclear,,,,home,NA,formation unclear,,
28,Berliner SC,VSG Altglienicke II,NA,NA,formation unclear,,,,home,NA,formation unclear,,
28,Frohnauer SC,VfB Fortuna Biesdorf,NA,NA,formation unclear,,,,home,NA,formation unclear,,
28,1. FC Wilmersdorf,Sp.Vg. Blau Weiß 1890 Berlin,NA,NA,formation unclear,,,,home,NA,formation unclear,,
28,Polar Pinguin Berlin,FSV Spandauer Kickers,NA,NA,formation unclear,,,,home,NA,formation unclear,,
28,SV Empor Berlin,SV BW Hohen Neuendorf,NA,NA,formation unclear,,,,home,NA,formation unclear,,
28,TSV Mariendorf 1897,SC Staaken,NA,NA,formation unclear,,,,home,NA,formation unclear,,
28,SSC Südwest 1947,SC Charlottenburg,NA,NA,formation unclear,,,,away,NA,formation unclear,,
28,TSV Rudow Berlin,SFC Stern 1900,NA,NA,formation unclear,,,,away,NA,formation unclear,,
28,Berlin Türkspor,Füchse Berlin,NA,NA,formation unclear,,,,away,NA,formation unclear,,
28,VSG Altglienicke II,Berliner SC,NA,NA,formation unclear,,,,away,NA,formation unclear,,
28,VfB Fortuna Biesdorf,Frohnauer SC,NA,NA,formation unclear,,,,away,NA,formation unclear,,
28,Sp.Vg. Blau Weiß 1890 Berlin,1. FC Wilmersdorf,NA,NA,formation unclear,,,,away,NA,formation unclear,,
28,FSV Spandauer Kickers,Polar Pinguin Berlin,NA,NA,formation unclear,,,,away,NA,formation unclear,,
28,SV BW Hohen Neuendorf,SV Empor Berlin,NA,NA,formation unclear,,,,away,NA,formation unclear,,
28,SC Staaken,TSV Mariendorf 1897,NA,NA,formation unclear,,,,away,NA,formation unclear,,
29,Polar Pinguin Berlin,1. FC Wilmersdorf,NA,NA,formation unclear,,,,home,NA,formation unclear,,
29,SSC Südwest 1947,Füchse Berlin,NA,NA,formation unclear,,,,home,NA,formation unclear,,
29,TSV Rudow Berlin,SC Charlottenburg,NA,NA,formation unclear,,,,home,NA,formation unclear,,
29,VfB Fortuna Biesdorf,Sp.Vg. Blau Weiß 1890 Berlin,NA,NA,formation unclear,,,,home,NA,formation unclear,,
29,FSV Spandauer Kickers,SFC Stern 1900,NA,NA,formation unclear,,,,home,NA,formation unclear,,
29,SC Staaken,SV Empor Berlin,NA,NA,formation unclear,,,,home,NA,formation unclear,,
29,VSG Altglienicke II,Frohnauer SC,NA,NA,formation unclear,,,,home,NA,formation unclear,,
29,SV BW Hohen Neuendorf,Berliner SC,NA,NA,formation unclear,,,,home,NA,formation unclear,,
29,Berlin Türkspor,TSV Mariendorf 1897,NA,NA,formation unclear,,,,home,NA,formation unclear,,
29,1. FC Wilmersdorf,Polar Pinguin Berlin,NA,NA,formation unclear,,,,away,NA,formation unclear,,
29,Füchse Berlin,SSC Südwest 1947,NA,NA,formation unclear,,,,away,NA,formation unclear,,
29,SC Charlottenburg,TSV Rudow Berlin,NA,NA,formation unclear,,,,away,NA,formation unclear,,
29,Sp.Vg. Blau Weiß 1890 Berlin,VfB Fortuna Biesdorf,NA,NA,formation unclear,,,,away,NA,formation unclear,,
29,SFC Stern 1900,FSV Spandauer Kickers,NA,NA,formation unclear,,,,away,NA,formation unclear,,
29,SV Empor Berlin,SC Staaken,NA,NA,formation unclear,,,,away,NA,formation unclear,,
29,Frohnauer SC,VSG Altglienicke II,NA,NA,formation unclear,,,,away,NA,formation unclear,,
29,Berliner SC,SV BW Hohen Neuendorf,NA,NA,formation unclear,,,,away,NA,formation unclear,,
29,TSV Mariendorf 1897,Berlin Türkspor,NA,NA,formation unclear,,,,away,NA,formation unclear,,
30,SFC Stern 1900,SV Empor Berlin,NA,NA,formation unclear,,,,home,NA,formation unclear,,
30,TSV Rudow Berlin,Sp.Vg. Blau Weiß 1890 Berlin,NA,NA,formation unclear,,,,home,NA,formation unclear,,
30,FSV Spandauer Kickers,Frohnauer SC,NA,NA,formation unclear,,,,home,NA,formation unclear,,
30,Polar Pinguin Berlin,Berliner SC,NA,NA,formation unclear,,,,home,NA,formation unclear,,
30,SC Charlottenburg,TSV Mariendorf 1897,NA,NA,formation unclear,,,,home,NA,formation unclear,,
30,1. FC Wilmersdorf,Füchse Berlin,NA,NA,formation unclear,,,,home,NA,formation unclear,,
30,SC Staaken,SV BW Hohen Neuendorf,NA,NA,formation unclear,,,,home,NA,formation unclear,,
30,Berlin Türkspor,VSG Altglienicke II,NA,NA,formation unclear,,,,home,NA,formation unclear,,
30,SSC Südwest 1947,VfB Fortuna Biesdorf,NA,NA,formation unclear,,,,home,NA,formation unclear,,
30,SV Empor Berlin,SFC Stern 1900,NA,NA,formation unclear,,,,away,NA,formation unclear,,
30,Sp.Vg. Blau Weiß 1890 Berlin,TSV Rudow Berlin,NA,NA,formation unclear,,,,away,NA,formation unclear,,
30,Frohnauer SC,FSV Spandauer Kickers,NA,NA,formation unclear,,,,away,NA,formation unclear,,
30,Berliner SC,Polar Pinguin Berlin,NA,NA,formation unclear,,,,away,NA,formation unclear,,
30,TSV Mariendorf 1897,SC Charlottenburg,NA,NA,formation unclear,,,,away,NA,formation unclear,,
30,Füchse Berlin,1. FC Wilmersdorf,NA,NA,formation unclear,,,,away,NA,formation unclear,,
30,SV BW Hohen Neuendorf,SC Staaken,NA,NA,formation unclear,,,,away,NA,formation unclear,,
30,VSG Altglienicke II,Berlin Türkspor,NA,NA,formation unclear,,,,away,NA,formation unclear,,
30,VfB Fortuna Biesdorf,SSC Südwest 1947,NA,NA,formation unclear,,,,away,NA,formation unclear,,
31,Berliner SC,SSC Südwest 1947,NA,NA,formation unclear,,,,home,NA,formation unclear,,
31,VSG Altglienicke II,1. FC Wilmersdorf,NA,NA,formation unclear,,,,home,NA,formation unclear,,
31,SV Empor Berlin,TSV Rudow Berlin,NA,NA,formation unclear,,,,home,NA,formation unclear,,
31,Frohnauer SC,Berlin Türkspor,NA,NA,formation unclear,,,,home,NA,formation unclear,,
31,SC Charlottenburg,SFC Stern 1900,NA,NA,formation unclear,,,,home,NA,formation unclear,,
31,TSV Mariendorf 1897,FSV Spandauer Kickers,NA,NA,formation unclear,,,,home,NA,formation unclear,,
31,VfB Fortuna Biesdorf,SV BW Hohen Neuendorf,NA,NA,formation unclear,,,,home,NA,formation unclear,,
31,Füchse Berlin,Polar Pinguin Berlin,NA,NA,formation unclear,,,,home,NA,formation unclear,,
31,Sp.Vg. Blau Weiß 1890 Berlin,SC Staaken,NA,NA,formation unclear,,,,home,NA,formation unclear,,
31,SSC Südwest 1947,Berliner SC,NA,NA,formation unclear,,,,away,NA,formation unclear,,
31,1. FC Wilmersdorf,VSG Altglienicke II,NA,NA,formation unclear,,,,away,NA,formation unclear,,
31,TSV Rudow Berlin,SV Empor Berlin,NA,NA,formation unclear,,,,away,NA,formation unclear,,
31,Berlin Türkspor,Frohnauer SC,NA,NA,formation unclear,,,,away,NA,formation unclear,,
31,SFC Stern 1900,SC Charlottenburg,NA,NA,formation unclear,,,,away,NA,formation unclear,,
31,FSV Spandauer Kickers,TSV Mariendorf 1897,NA,NA,formation unclear,,,,away,NA,formation unclear,,
31,SV BW Hohen Neuendorf,VfB Fortuna Biesdorf,NA,NA,formation unclear,,,,away,NA,formation unclear,,
31,Polar Pinguin Berlin,Füchse Berlin,NA,NA,formation unclear,,,,away,NA,formation unclear,,
31,SC Staaken,Sp.Vg. Blau Weiß 1890 Berlin,NA,NA,formation unclear,,,,away,NA,formation unclear,,
32,Sp.Vg. Blau Weiß 1890 Berlin,SSC Südwest 1947,NA,NA,formation unclear,,,,home,NA,formation unclear,,
32,SV BW Hohen Neuendorf,1. FC Wilmersdorf,NA,NA,formation unclear,,,,home,NA,formation unclear,,
32,SV Empor Berlin,Polar Pinguin Berlin,NA,NA,formation unclear,,,,home,NA,formation unclear,,
32,Berliner SC,FSV Spandauer Kickers,NA,NA,formation unclear,,,,home,NA,formation unclear,,
32,Frohnauer SC,TSV Rudow Berlin,NA,NA,formation unclear,,,,home,NA,formation unclear,,
32,VfB Fortuna Biesdorf,Berlin Türkspor,NA,NA,formation unclear,,,,home,NA,formation unclear,,
32,VSG Altglienicke II,SC Staaken,NA,NA,formation unclear,,,,home,NA,formation unclear,,
32,Füchse Berlin,SC Charlottenburg,NA,NA,formation unclear,,,,home,NA,formation unclear,,
32,TSV Mariendorf 1897,SFC Stern 1900,NA,NA,formation unclear,,,,home,NA,formation unclear,,
32,SSC Südwest 1947,Sp.Vg. Blau Weiß 1890 Berlin,NA,NA,formation unclear,,,,away,NA,formation unclear,,
32,1. FC Wilmersdorf,SV BW Hohen Neuendorf,NA,NA,formation unclear,,,,away,NA,formation unclear,,
32,Polar Pinguin Berlin,SV Empor Berlin,NA,NA,formation unclear,,,,away,NA,formation unclear,,
32,FSV Spandauer Kickers,Berliner SC,NA,NA,formation unclear,,,,away,NA,formation unclear,,
32,TSV Rudow Berlin,Frohnauer SC,NA,NA,formation unclear,,,,away,NA,formation unclear,,
32,Berlin Türkspor,VfB Fortuna Biesdorf,NA,NA,formation unclear,,,,away,NA,formation unclear,,
32,SC Staaken,VSG Altglienicke II,NA,NA,formation unclear,,,,away,NA,formation unclear,,
32,SC Charlottenburg,Füchse Berlin,NA,NA,formation unclear,,,,away,NA,formation unclear,,
32,SFC Stern 1900,TSV Mariendorf 1897,NA,NA,formation unclear,,,,away,NA,formation unclear,,
33,SFC Stern 1900,Füchse Berlin,NA,NA,formation unclear,,,,home,NA,formation unclear,,
33,SV BW Hohen Neuendorf,VSG Altglienicke II,NA,NA,formation unclear,,,,home,NA,formation unclear,,
33,Berlin Türkspor,Sp.Vg. Blau Weiß 1890 Berlin,NA,NA,formation unclear,,,,home,NA,formation unclear,,
33,FSV Spandauer Kickers,SV Empor Berlin,NA,NA,formation unclear,,,,home,NA,formation unclear,,
33,SC Staaken,VfB Fortuna Biesdorf,NA,NA,formation unclear,,,,home,NA,formation unclear,,
33,1. FC Wilmersdorf,SC Charlottenburg,NA,NA,formation unclear,,,,home,NA,formation unclear,,
33,SSC Südwest 1947,Frohnauer SC,NA,NA,formation unclear,,,,home,NA,formation unclear,,
33,TSV Rudow Berlin,Berliner SC,NA,NA,formation unclear,,,,home,NA,formation unclear,,
33,Polar Pinguin Berlin,TSV Mariendorf 1897,NA,NA,formation unclear,,,,home,NA,formation unclear,,
33,Füchse Berlin,SFC Stern 1900,NA,NA,formation unclear,,,,away,NA,formation unclear,,
33,VSG Altglienicke II,SV BW Hohen Neuendorf,NA,NA,formation unclear,,,,away,NA,formation unclear,,
33,Sp.Vg. Blau Weiß 1890 Berlin,Berlin Türkspor,NA,NA,formation unclear,,,,away,NA,formation unclear,,
33,SV Empor Berlin,FSV Spandauer Kickers,NA,NA,formation unclear,,,,away,NA,formation unclear,,
33,VfB Fortuna Biesdorf,SC Staaken,NA,NA,formation unclear,,,,away,NA,formation unclear,,
33,SC Charlottenburg,1. FC Wilmersdorf,NA,NA,formation unclear,,,,away,NA,formation unclear,,
33,Frohnauer SC,SSC Südwest 1947,NA,NA,formation unclear,,,,away,NA,formation unclear,,
33,Berliner SC,TSV Rudow Berlin,NA,NA,formation unclear,,,,away,NA,formation unclear,,
33,TSV Mariendorf 1897,Polar Pinguin Berlin,NA,NA,formation unclear,,,,away,NA,formation unclear,,
34,1. FC Wilmersdorf,VfB Fortuna Biesdorf,NA,NA,formation unclear,,,,home,NA,formation unclear,,
34,TSV Mariendorf 1897,SSC Südwest 1947,NA,NA,formation unclear,,,,home,NA,formation unclear,,
34,Sp.Vg. Blau Weiß 1890 Berlin,VSG Altglienicke II,NA,NA,formation unclear,,,,home,NA,formation unclear,,
34,SFC Stern 1900,Polar Pinguin Berlin,NA,NA,formation unclear,,,,home,NA,formation unclear,,
34,SC Charlottenburg,FSV Spandauer Kickers,NA,NA,formation unclear,,,,home,NA,formation unclear,,
34,Füchse Berlin,TSV Rudow Berlin,NA,NA,formation unclear,,,,home,NA,formation unclear,,
34,SV Empor Berlin,Berlin Türkspor,NA,NA,formation unclear,,,,home,NA,formation unclear,,
34,Berliner SC,SC Staaken,NA,NA,formation unclear,,,,home,NA,formation unclear,,
34,Frohnauer SC,SV BW Hohen Neuendorf,NA,NA,formation unclear,,,,home,NA,formation unclear,,
34,VfB Fortuna Biesdorf,1. FC Wilmersdorf,NA,NA,formation unclear,,,,away,NA,formation unclear,,
34,SSC Südwest 1947,TSV Mariendorf 1897,NA,NA,formation unclear,,,,away,NA,formation unclear,,
34,VSG Altglienicke II,Sp.Vg. Blau Weiß 1890 Berlin,NA,NA,formation unclear,,,,away,NA,formation unclear,,
34,Polar Pinguin Berlin,SFC Stern 1900,NA,NA,formation unclear,,,,away,NA,formation unclear,,
34,FSV Spandauer Kickers,SC Charlottenburg,NA,NA,formation unclear,,,,away,NA,formation unclear,,
34,TSV Rudow Berlin,Füchse Berlin,NA,NA,formation unclear,,,,away,NA,formation unclear,,
34,Berlin Türkspor,SV Empor Berlin,NA,NA,formation unclear,,,,away,NA,formation unclear,,
34,SC Staaken,Berliner SC,NA,NA,formation unclear,,,,away,NA,formation unclear,,
34,SV BW Hohen Neuendorf,Frohnauer SC,NA,NA,formation unclear,,,,away,NA,formation unclear,,
