ID,Name,Team,Spiele,Tore,Assists,Gelbe.Karten,Gelb.Rote.Karten,Rote.Karten,Einwechslung,Auswechslung,Spielzeit,X11.des.Tages,Nummer,playtime_ratio,avg_playtime_per_game,scorerpoints_per_game,best_player_appearances,best_player_ratio,total_points,matches_played,match_diff,points_per_game,normalized_points_per_game,weighted_score,most_position,second_position,position_percentage,second_position_percentage
16444,Robert Adler,FSV Berolina Stralau 1901,9,0,1,0,0,0,7,2,230,0,3,0.085,0.284,0.111,0,0,1,2,7,0.5,0.167,0.149,IV,ST,11%,11%
26811,Max Kruse,BSV Al-Dersimspor,1,0,0,0,0,0,0,1,45,1,30,0.017,0.5,0,0,0,0,1,0,0,0,0.105,NA,NA,100%,0%
43191,Solomon Okoronkwo,BFC Meteor 06,5,1,2,2,0,0,2,2,247,0,NA,0.091,0.549,0.6,0,0,3,3,2,1,0.333,0.27,ZOM,ST,40%,20%
58814,Enes Uzun,Türkiyemspor Berlin,19,7,0,0,0,0,3,2,1554,0,25,0.576,0.909,0.368,3,0.158,24,16,3,1.5,0.5,0.602,RM,ZOM,37%,26%
114840,Moris Fikic,BFC Preussen II,7,1,0,0,0,0,0,1,596,0,10,0.221,0.946,0.143,0,0,10,7,0,1.429,0.476,0.446,ZOM,LM,57%,14%
114904,Bene Brecht,Berliner SC II,5,0,1,0,0,0,0,0,450,0,16,0.167,1,0.2,1,0.2,7,5,0,1.4,0.467,0.497,ZM,LM,60%,20%
114923,Omid Saberdest,Türkiyemspor Berlin,21,7,1,0,0,0,0,11,1707,2,5,0.632,0.903,0.381,5,0.238,27,20,1,1.35,0.45,0.622,ZOM,ST,62%,10%
202674,Selvedin Begzadic,BFC Meteor 06,17,0,0,0,0,0,0,1,1496,0,22,0.554,0.978,0,0,0,38,17,0,2.235,0.745,0.66,TW,NA,100%,0%
224507,Jannis Gabrielides,Berliner SC II,1,0,0,0,0,0,0,0,90,0,NA,0.033,1,0,0,0,0,0,1,0,0,0.21,NA,NA,NA%,0%
258670,Karsten Schleifring,BSV Al-Dersimspor,10,1,0,0,0,0,8,2,201,0,25,0.074,0.223,0.1,0,0,3,2,8,1.5,0.5,0.267,ST,NA,10%,0%
273926,Vahit Engin,BFC Preussen II,6,0,0,0,0,0,6,0,126,0,11,0.047,0.233,0,0,0,0,0,6,0,0,0.061,NA,NA,NA%,0%
275904,Kenan Demir,Türkiyemspor Berlin,18,0,0,0,0,0,6,2,1153,0,3,0.427,0.712,0,2,0.111,29,17,1,1.706,0.569,0.531,IV,ZDM,50%,44%
282924,Hendrik Lüttschwager,Berliner SV 1892,17,0,0,0,0,0,0,0,1530,1,1,0.567,1,0,0,0,27,15,2,1.8,0.6,0.61,TW,NA,76%,0%
282968,Kerem Filiz,BSV Al-Dersimspor,5,0,0,0,0,0,5,0,84,0,NA,0.031,0.187,0,0,0,0,0,5,0,0,0.047,NA,NA,NA%,0%
284753,Jannes Potthoff,FSV Berolina Stralau 1901,8,0,0,0,0,0,0,0,720,0,1,0.267,1,0,0,0,7,5,3,1.4,0.467,0.467,TW,NA,50%,0%
289951,Lucas Robbin Bähr,TSV Rudow Berlin,4,1,0,0,0,0,0,0,360,1,NA,0.133,1,0.25,1,0.25,9,4,0,2.25,0.75,0.615,IV,LV,75%,25%
294576,Christian Preiss,BSV Eintracht Mahlsdorf II,20,6,5,0,0,0,0,0,1800,1,16,0.667,1,0.55,5,0.25,23,13,7,1.769,0.59,0.711,ZM,RM,55%,5%
302247,Maurice Peitz,SV Empor Berlin II,1,1,0,0,0,0,0,0,90,0,NA,0.033,1,1,0,0,0,1,0,0,0,0.21,IV,NA,100%,0%
302249,Nicolas Wolski,Berliner SC II,8,0,0,1,1,0,2,5,492,0,8,0.182,0.683,0,0,0,7,6,2,1.167,0.389,0.347,RV,LM,38%,12%
309623,Tugay Adigüzel,BFC Meteor 06,18,3,10,0,0,0,2,4,1443,4,61,0.534,0.891,0.722,4,0.222,34,16,2,2.125,0.708,0.688,LV,RV,61%,17%
312658,Alexander Foth,Köpenicker FC,13,5,0,0,1,0,3,6,819,1,11,0.303,0.7,0.385,3,0.231,20,10,3,2,0.667,0.567,RM,ZM,38%,23%
315427,Denis Rolke,FSV Berolina Stralau 1901,19,0,0,0,0,0,1,10,1380,3,15,0.511,0.807,0,1,0.053,25,18,1,1.389,0.463,0.516,IV,RM,37%,37%
335627,Robert Klessny,FSV Berolina Stralau 1901,7,2,3,0,0,0,0,6,498,2,NA,0.184,0.79,0.714,2,0.286,14,7,0,2,0.667,0.566,ST,NA,86%,0%
337785,Yasin Baki,BSV Al-Dersimspor,2,0,0,0,0,0,0,0,180,1,NA,0.067,1,0,1,0.5,1,2,0,0.5,0.167,0.437,TW,NA,100%,0%
346905,Levent Mucuk,BFC Preussen II,17,3,0,0,0,0,1,0,1470,1,55,0.544,0.961,0.176,8,0.471,35,16,1,2.188,0.729,0.788,IV,NA,94%,0%
351307,Nick Bechler,Berliner SV 1892,18,3,0,0,0,0,0,7,1444,0,27,0.535,0.891,0.167,1,0.056,31,18,0,1.722,0.574,0.585,IV,LV,39%,39%
358358,Melih Hortum,TSV Rudow Berlin,15,3,1,0,0,0,1,9,1166,1,10,0.432,0.864,0.267,6,0.4,32,14,1,2.286,0.762,0.727,ZOM,ST,40%,20%
358424,Dmitri Zabavin,TSV Rudow Berlin,3,0,0,0,0,0,1,0,225,1,1,0.083,0.833,0,1,0.333,6,2,1,3,1,0.691,TW,NA,67%,0%
359310,Magnus Stahlberg,BFC Preussen II,18,5,1,0,0,0,0,0,1620,0,16,0.6,1,0.333,8,0.444,46,19,-1,2.421,0.807,0.836,IV,LM,50%,22%
363862,Marcel Bubner,SC Borsigwalde 1910,18,4,0,0,0,0,3,11,1251,0,19,0.463,0.772,0.222,1,0.056,22,15,3,1.467,0.489,0.506,LM,RM,56%,11%
364756,Linus Dersch,Berliner SC II,5,1,1,0,0,0,1,1,377,1,NA,0.14,0.838,0.4,2,0.4,3,4,1,0.75,0.25,0.43,LM,RM,20%,20%
365382,Jonas Weigelt,Köpenicker FC,14,0,0,0,0,0,1,3,1070,0,8,0.396,0.849,0,0,0,17,13,1,1.308,0.436,0.463,IV,ZM,36%,36%
368027,Sebastian Sobczyk,Berliner SV 1892,9,4,0,0,0,0,3,5,506,0,9,0.187,0.625,0.444,0,0,9,6,3,1.5,0.5,0.381,ST,NA,67%,0%
371537,Martin Gromotka,TSV Rudow Berlin,19,0,0,0,0,0,0,1,1665,1,44,0.617,0.974,0,2,0.105,43,19,0,2.263,0.754,0.713,TW,NA,95%,0%
389162,Yevgen Igorovic Lozynsky,VfB Concordia Britz 1916,18,0,0,1,1,0,1,6,1428,0,27,0.529,0.881,0,0,0,0,0,18,0,0,0.335,NA,NA,NA%,0%
427035,Paul Miggel,BFC Preussen II,7,0,0,0,0,0,3,4,373,0,8,0.138,0.592,0,0,0,10,4,3,2.5,0.833,0.493,LV,ST,29%,14%
438761,Andre Schulz,SV Stern Britz 1889,19,1,0,4,0,0,0,0,1710,0,23,0.633,1,0.053,8,0.421,10,18,1,0.556,0.185,0.59,IV,LM,100%,5%
441881,Daniel Alankus,SV Empor Berlin II,2,0,0,0,0,0,0,1,171,0,NA,0.063,0.95,0,0,0,3,2,0,1.5,0.5,0.409,IV,NA,100%,0%
477254,Daniel Fischer,FSV Berolina Stralau 1901,12,0,0,0,0,0,6,3,604,0,19,0.224,0.559,0,0,0,13,11,1,1.182,0.394,0.337,LM,LV,33%,33%
478754,Alexander Wuthe,TSV Rudow Berlin,18,2,0,0,0,1,1,5,1447,0,8,0.536,0.893,0.111,2,0.111,37,17,1,2.176,0.725,0.663,ZDM,LM,39%,17%
482985,Soner Demiryürek,BFC Meteor 06,6,2,0,0,0,0,5,1,148,0,21,0.055,0.274,0.333,0,0,3,1,5,3,1,0.471,ZM,NA,17%,0%
493840,Julian Schröder,BFC Meteor 06,21,0,2,1,0,0,2,4,1699,6,15,0.629,0.899,0.095,1,0.048,44,19,2,2.316,0.772,0.692,RV,LV,57%,29%
494671,Ugurcan Yilmaz,BFC Preussen II,11,3,0,0,0,0,0,2,858,0,48,0.318,0.867,0.273,1,0.091,25,11,0,2.273,0.758,0.599,ZOM,ST,45%,18%
494672,Oguzhan Duman,SV Stern Britz 1889,18,3,0,1,0,0,8,3,1024,0,19,0.379,0.632,0.167,2,0.111,6,10,8,0.6,0.2,0.353,ZOM,ST,28%,17%
496051,Dennis Wegner,SV Empor Berlin II,1,0,0,0,0,0,0,0,90,0,NA,0.033,1,0,0,0,0,1,0,0,0,0.21,RV,NA,100%,0%
496087,Le-Roy Da-Costa,VfB Concordia Britz 1916,5,2,0,0,0,0,4,1,247,0,9,0.091,0.549,0.4,1,0.2,3,2,3,1.5,0.5,0.397,ST,ZM,20%,20%
497696,Kay Szczech,BSV Eintracht Mahlsdorf II,17,1,0,0,0,0,11,2,798,0,18,0.296,0.522,0.059,2,0.118,9,5,12,1.8,0.6,0.469,ZM,RM,18%,6%
499196,Dennis Rötzscher,TSV Rudow Berlin,9,0,0,0,0,0,1,5,595,1,18,0.22,0.735,0,0,0,11,6,3,1.833,0.611,0.457,ZDM,LV,33%,11%
507979,Patrick Boel,BSV Al-Dersimspor,15,0,0,0,0,0,0,0,1350,0,1,0.5,1,0,0,0,15,15,0,1,0.333,0.483,TW,NA,93%,0%
519263,Malte Hartmann,BFC Preussen II,15,0,0,0,0,1,0,0,1270,2,31,0.47,0.941,0,6,0.4,37,22,-7,1.682,0.561,0.673,TW,ZM,93%,60%
519270,Lukas Kohlmann,BFC Preussen II,18,3,0,0,1,0,0,1,1503,2,20,0.557,0.928,0.167,7,0.389,43,18,0,2.389,0.796,0.788,IV,ZM,94%,6%
524331,Milos Savkovic,BSV Al-Dersimspor,19,3,0,0,0,0,1,9,1374,3,8,0.509,0.804,0.158,2,0.105,18,17,2,1.059,0.353,0.486,LM,RM,26%,16%
524496,Metin Aktürk,BFC Meteor 06,3,0,1,0,0,0,1,1,189,0,NA,0.07,0.7,0.333,0,0,6,2,1,3,1,0.561,RM,ZM,33%,33%
524620,Mahmoud Akkaoui,SC Borsigwalde 1910,4,0,0,0,0,0,3,0,163,0,4,0.06,0.453,0,1,0.25,3,1,3,3,1,0.584,IV,NA,25%,0%
528762,Resul Hirik,SV Stern Britz 1889,5,1,0,1,0,0,3,1,274,0,NA,0.101,0.609,0.2,0,0,0,2,3,0,0,0.152,ST,NA,40%,0%
534567,Tobias Knetsch,SC Borsigwalde 1910,9,0,0,0,0,0,0,0,810,1,23,0.3,1,0,2,0.222,15,9,0,1.667,0.556,0.579,TW,NA,89%,0%
540422,Leonard Kirschner,TSV Rudow Berlin,5,1,0,0,0,0,3,1,231,0,NA,0.086,0.513,0.2,0,0,6,2,3,3,1,0.528,ST,NA,20%,0%
547418,Tom Greif,BSV Eintracht Mahlsdorf II,5,0,0,0,0,0,3,1,209,0,14,0.077,0.464,0,0,0,6,2,3,3,1,0.516,RV,NA,40%,0%
550874,Till Dietrich,Köpenicker FC,18,0,0,0,0,0,2,8,1352,0,27,0.501,0.835,0,2,0.111,25,16,2,1.562,0.521,0.559,LV,RV,39%,28%
553725,Dennis Sarnewski,VfB Concordia Britz 1916,1,0,0,0,0,0,1,0,16,0,NA,0.006,0.178,0,0,0,0,0,1,0,0,0.037,NA,NA,NA%,0%
553789,Yasin Demir,BFC Preussen II,16,0,0,0,0,0,4,6,1014,0,30,0.376,0.704,0,2,0.125,29,17,-1,1.706,0.569,0.519,IV,ZDM,56%,50%
553808,Nicolas Michalke,BFC Preussen II,2,0,0,0,0,0,1,1,69,0,NA,0.026,0.383,0,1,0.5,3,1,1,3,1,0.634,RV,NA,50%,0%
553810,Rommel Abou-Chaker,BFC Preussen II,10,3,0,0,0,0,5,5,426,0,13,0.158,0.473,0.3,0,0,9,4,6,2.25,0.75,0.442,ST,RM,30%,10%
553814,Marcel Berner,BFC Preussen II,14,2,0,0,0,0,4,7,824,1,15,0.305,0.654,0.143,0,0,18,10,4,1.8,0.6,0.462,RV,LV,43%,14%
553834,Julian von Gliszczynski,BFC Preussen II,1,0,0,0,0,0,1,0,4,0,NA,0.001,0.044,0,0,0,0,0,1,0,0,0.009,NA,NA,NA%,0%
553841,Hugo Timur,BFC Preussen II,14,6,0,0,0,0,2,10,803,0,7,0.297,0.637,0.429,1,0.071,25,12,2,2.083,0.694,0.516,ST,LM,64%,14%
553965,Maximilian Weber,FSV Berolina Stralau 1901,6,0,1,0,0,0,1,1,423,0,NA,0.157,0.783,0.167,0,0,8,5,1,1.6,0.533,0.417,ZM,NA,67%,0%
554125,Daniel Michael Brüning,VfB Concordia Britz 1916,5,0,0,1,0,0,4,0,228,0,22,0.084,0.507,0,0,0,0,1,4,0,0,0.127,IV,NA,20%,0%
554131,Fabian Kolditz,VfB Concordia Britz 1916,1,0,0,0,0,0,1,0,6,0,13,0.002,0.067,0,0,0,0,0,1,0,0,0.014,NA,NA,NA%,0%
554134,Patrick Wenke,VfB Concordia Britz 1916,11,0,0,0,0,0,4,4,618,0,29,0.229,0.624,0,2,0.182,7,11,0,0.636,0.212,0.333,IV,LV,55%,18%
554138,Christopher Schneider,SV Stern Britz 1889,4,0,1,0,0,0,0,2,323,0,NA,0.12,0.897,0.25,2,0.5,9,12,-8,0.75,0.25,0.465,RM,ST,200%,75%
554297,El-Amin Elsaadawi,Berliner SV 1892,15,2,0,0,0,0,8,6,595,0,17,0.22,0.441,0.133,1,0.067,9,6,9,1.5,0.5,0.374,ST,LM,27%,7%
554433,Caglar Halici,BSV Al-Dersimspor,1,0,0,0,0,0,0,0,90,0,NA,0.033,1,0,1,1,0,1,0,0,0,0.51,ST,NA,100%,0%
554475,Hüseyin Ali Kaloglu,BSV Al-Dersimspor,1,0,0,0,0,0,0,0,90,0,NA,0.033,1,0,1,1,0,1,0,0,0,0.51,IV,NA,100%,0%
554483,Önder Senkaya,BSV Al-Dersimspor,1,0,0,0,0,0,1,0,14,0,NA,0.005,0.156,0,0,0,0,0,1,0,0,0.033,NA,NA,NA%,0%
554528,Marcel Knaack,SC Borsigwalde 1910,8,6,0,0,0,0,0,5,618,1,NA,0.229,0.858,0.75,3,0.375,8,7,1,1.143,0.381,0.505,ST,NA,75%,0%
554638,Patrick Maykowski,TSV Rudow Berlin,23,4,0,0,0,0,1,15,1827,1,20,0.677,0.883,0.174,6,0.261,53,22,1,2.409,0.803,0.779,RM,LM,61%,9%
555367,Tim Wenke,VfB Concordia Britz 1916,12,0,0,0,0,0,0,2,1020,0,5,0.378,0.944,0,2,0.167,7,11,1,0.636,0.212,0.437,IV,LV,50%,17%
555415,Tom Jonach,FSV Berolina Stralau 1901,16,2,2,0,1,0,1,2,1313,1,16,0.486,0.912,0.25,0,0,19,15,1,1.267,0.422,0.497,IV,ZM,25%,25%
555430,Philipp Kemkes,SV Stern Britz 1889,3,1,0,0,0,0,3,0,123,0,NA,0.046,0.456,0.333,0,0,0,0,3,0,0,0.105,NA,NA,NA%,0%
555627,Lukas Strehlke,Berliner SC II,1,0,0,0,0,0,1,0,10,0,NA,0.004,0.111,0,0,0,0,0,1,0,0,0.023,NA,NA,NA%,0%
555710,Kevin Uwe Einspannier,Berliner SC II,18,4,1,0,1,1,0,2,1561,0,6,0.578,0.964,0.278,2,0.111,15,16,2,0.938,0.313,0.525,ZM,ST,33%,28%
555713,Nelson Antoniofrancisco,Berliner SC II,7,1,0,0,0,0,5,2,243,0,7,0.09,0.386,0.143,0,0,1,2,5,0.5,0.167,0.171,LM,NA,29%,0%
555745,Max Vincent Bolz,Berliner SC II,8,0,0,0,0,0,2,1,578,0,20,0.214,0.803,0,4,0.5,9,6,2,1.5,0.5,0.575,ZM,ST,38%,25%
555829,Yusuf Abouri,BFC Meteor 06,4,0,0,1,0,0,3,1,111,0,NA,0.041,0.308,0,0,0,0,1,3,0,0,0.074,RV,NA,25%,0%
555945,Kenneth Weise,SC Borsigwalde 1910,12,1,0,0,0,0,3,2,784,0,49,0.29,0.726,0.083,1,0.083,11,9,3,1.222,0.407,0.42,IV,NA,67%,0%
557280,Fabio Zielske,SV Stern Britz 1889,0,0,0,0,0,0,0,0,0,0,NA,0,0,0,0,0,0,0,0,0,0,0,NA,NA,0,0%
557281,Marcel Lieker,SV Stern Britz 1889,1,0,0,0,0,0,0,0,90,0,NA,0.033,1,0,1,1,0,0,1,0,0,0.51,NA,NA,NA%,0%
557298,Robin Eschert,VfB Concordia Britz 1916,4,0,0,0,0,0,1,1,263,0,14,0.097,0.731,0,1,0.25,0,4,0,0,0,0.25,LV,RV,50%,50%
557610,Dan Feldmann,BFC Preussen II,5,2,0,0,0,0,5,0,139,0,NA,0.051,0.309,0.4,1,0.2,3,1,4,3,1,0.537,NA,NA,NA%,0%
560181,Lukas Grützner,BSV Eintracht Mahlsdorf II,14,1,0,0,0,0,2,5,958,1,8,0.355,0.76,0.071,4,0.286,18,12,2,1.5,0.5,0.544,IV,ZM,43%,36%
561892,Benjamin Schnack,Berliner SV 1892,8,0,0,0,0,0,3,1,450,0,NA,0.167,0.625,0,1,0.125,12,5,3,2.4,0.8,0.533,IV,LM,38%,12%
562984,Robin Wolff,Berliner SV 1892,8,3,0,0,0,0,6,1,302,0,25,0.112,0.419,0.375,1,0.125,1,1,7,1,0.333,0.288,ST,NA,12%,0%
564086,Serkan Karasu,BFC Meteor 06,22,8,1,7,0,0,0,2,1934,3,3,0.716,0.977,0.409,6,0.273,44,21,1,2.095,0.698,0.771,IV,ZDM,36%,27%
564117,Dustin Sik,SV Stern Britz 1889,13,3,0,0,1,0,0,0,1171,1,7,0.434,1.001,0.231,1,0.077,10,13,0,0.769,0.256,0.456,RM,ST,38%,31%
564129,Kevin Wesolek,Köpenicker FC,2,0,0,0,0,0,2,0,7,0,16,0.003,0.039,0,0,0,0,0,2,0,0,0.009,NA,NA,NA%,0%
564200,Yusuf Yildirim,SV Stern Britz 1889,1,0,0,1,0,0,1,0,34,0,NA,0.013,0.378,0,3,3,5,5,-4,1,0.333,1.113,ZDM,ZOM,200%,200%
565855,Tom Nischwitz,Köpenicker FC,15,0,0,0,0,0,7,2,798,0,5,0.296,0.591,0,1,0.067,7,8,7,0.875,0.292,0.344,IV,RV,40%,13%
569339,Jeffrey Kräft,SC Borsigwalde 1910,11,0,0,0,0,0,0,0,990,0,37,0.367,1,0,3,0.273,14,11,0,1.273,0.424,0.562,TW,NA,109%,0%
572496,Bartosz Palubski,SV Stern Britz 1889,0,0,0,0,0,0,0,0,0,0,21,0,0,0,0,0,0,0,0,0,0,0,NA,NA,0,0%
573222,Philip Möhle,Köpenicker FC,16,1,0,0,0,0,2,8,1178,0,28,0.436,0.818,0.062,3,0.188,22,14,2,1.571,0.524,0.56,RV,ZM,44%,25%
577635,Aziz Ökten,BSV Al-Dersimspor,0,0,0,0,0,0,0,0,0,0,NA,0,0,0,0,0,0,0,0,0,0,0,NA,NA,0,0%
580589,Björn Röchert,VfB Concordia Britz 1916,9,1,0,0,0,0,2,0,701,0,30,0.26,0.865,0.111,1,0.111,0,7,2,0,0,0.284,IV,RV,44%,22%
581082,Sercan-Günay Seyyidoglu,BSV Al-Dersimspor,9,0,0,0,0,0,5,3,375,0,17,0.139,0.463,0,0,0,1,3,6,0.333,0.111,0.179,LM,ST,11%,11%
583232,Jerry Gase,VfB Concordia Britz 1916,18,3,2,0,0,0,0,10,1433,1,7,0.531,0.885,0.278,0,0,0,1,17,0,0,0.336,ST,NA,6%,0%
583233,Welton Pereira Dos Santos,BSV Al-Dersimspor,15,1,0,0,0,0,6,6,769,0,94,0.285,0.57,0.067,0,0,0,0,15,0,0,0.199,NA,NA,NA%,0%
585335,Mücahid Kahraman,BSV Al-Dersimspor,18,1,1,0,0,0,5,11,1065,0,3,0.394,0.657,0.111,1,0.056,11,11,7,1,0.333,0.4,RV,RM,28%,17%
587441,Karl Anker,Berliner SV 1892,19,0,0,0,0,0,6,9,1016,0,8,0.376,0.594,0,3,0.158,25,13,6,1.923,0.641,0.535,IV,RV,21%,21%
589040,Bahadir Katirci,BFC Meteor 06,6,0,0,0,0,0,6,0,58,0,7,0.021,0.107,0,0,0,0,0,6,0,0,0.028,NA,NA,NA%,0%
589529,Daniel Schneidawind,SV Empor Berlin II,3,2,0,0,0,0,0,1,259,0,13,0.096,0.959,0.667,0,0,3,3,0,1,0.333,0.354,IV,NA,100%,0%
589795,Noah Peter,Berliner SC II,13,1,0,0,0,0,2,2,989,1,12,0.366,0.845,0.077,6,0.462,10,11,2,0.909,0.303,0.539,ZM,ZDM,69%,15%
589922,Alexander Huse,Berliner SC II,15,0,1,0,0,0,9,6,436,0,13,0.161,0.323,0.067,0,0,7,6,9,1.167,0.389,0.268,ST,RM,33%,7%
591698,Antonio Ciao,SC Borsigwalde 1910,3,0,0,0,0,0,3,0,23,0,22,0.009,0.085,0,0,0,8,5,-2,1.6,0.533,0.233,ZDM,ZOM,67%,67%
603109,Yannic Behrendt,VfB Concordia Britz 1916,6,0,0,0,0,0,2,0,424,0,NA,0.157,0.785,0,1,0.167,6,5,1,1.2,0.4,0.414,IV,NA,83%,0%
609587,Mustafa Arslan,BSV Al-Dersimspor,6,0,0,0,0,0,0,0,540,1,1,0.2,1,0,1,0.167,9,6,0,1.5,0.5,0.51,TW,NA,83%,0%
609589,Ahmad Zahlan,BFC Meteor 06,21,0,1,9,0,0,0,9,1714,2,6,0.635,0.907,0.048,8,0.381,44,21,0,2.095,0.698,0.765,ZDM,ZM,52%,33%
610525,Antonio Boeddinghaus,FC Internationale Berlin 1980,13,2,0,0,0,0,2,1,994,1,6,0.368,0.85,0.154,4,0.308,11,11,2,1,0.333,0.506,LV,IV,46%,38%
611139,Marc Anthony Weisse,SV Stern Britz 1889,1,0,0,0,0,0,0,1,84,0,NA,0.031,0.933,0,1,1,3,1,0,3,1,0.896,ZM,NA,100%,0%
611865,Nikita Charkov,Berliner SV 1892,17,4,0,0,1,0,2,5,1356,1,20,0.502,0.886,0.235,6,0.353,27,15,2,1.8,0.6,0.674,IV,RM,29%,18%
614245,Riccardo Ciao,SC Borsigwalde 1910,19,1,0,0,0,0,2,7,1463,0,18,0.542,0.856,0.053,0,0,8,5,14,1.6,0.533,0.547,ZDM,ZOM,11%,11%
614261,Suphi Tekin,SV Stern Britz 1889,1,0,0,0,0,0,1,0,20,0,NA,0.007,0.222,0,0,0,0,0,1,0,0,0.046,NA,NA,NA%,0%
614980,Ian Kroh,BSV Eintracht Mahlsdorf II,2,0,0,0,0,0,0,0,180,0,NA,0.067,1,0,0,0,3,2,0,1.5,0.5,0.42,IV,NA,50%,0%
616826,Lionel Krampah,VfB Concordia Britz 1916,8,2,0,0,0,0,0,2,681,0,NA,0.252,0.946,0.25,1,0.125,10,8,0,1.25,0.417,0.469,ZM,NA,100%,0%
627318,Romario Hartwig,BFC Preussen II,2,1,0,0,0,0,0,1,173,0,NA,0.064,0.961,0.5,0,0,3,2,0,1.5,0.5,0.411,ST,NA,50%,0%
627319,Matteo Günther,TSV Rudow Berlin,21,14,1,0,0,0,0,7,1836,6,9,0.68,0.971,0.714,5,0.238,43,19,2,2.263,0.754,0.771,ST,TW,81%,5%
627402,Jakob Heilmann,Berliner SC II,15,0,0,0,0,0,2,3,1074,0,2,0.398,0.796,0,1,0.067,14,14,1,1,0.333,0.432,LV,LM,47%,33%
627559,Amir Awag,BSV Al-Dersimspor,20,1,0,0,0,0,1,3,1678,0,5,0.621,0.932,0.05,3,0.15,22,19,1,1.158,0.386,0.572,RV,IV,35%,30%
636409,Okan Özkaya,SV Stern Britz 1889,5,0,0,0,0,0,5,0,73,0,3,0.027,0.162,0,0,0,0,0,5,0,0,0.041,NA,NA,NA%,0%
654219,Maurice Meyer,SV Empor Berlin II,10,0,0,0,0,0,1,0,864,1,1,0.32,0.96,0,1,0.1,9,9,1,1,0.333,0.451,TW,NA,90%,0%
656536,Maximilian Blust,Berliner SV 1892,6,0,0,0,0,0,5,1,181,0,NA,0.067,0.335,0,0,0,3,1,5,3,1,0.487,ST,NA,17%,0%
656966,Naim Senay,SV Stern Britz 1889,15,0,1,0,0,0,4,5,967,1,26,0.358,0.716,0.067,0,0,6,11,4,0.545,0.182,0.323,RV,IV,27%,13%
663469,Jamal Dähn,BFC Meteor 06,1,0,0,0,0,0,1,0,32,0,NA,0.012,0.356,0,0,0,0,0,1,0,0,0.075,NA,NA,NA%,0%
665393,Volkan Neziroglu,Türkiyemspor Berlin,8,4,0,0,0,0,0,3,675,0,NA,0.25,0.938,0.5,2,0.25,9,7,1,1.286,0.429,0.509,ST,NA,88%,0%
665521,Victor Kausch,Berliner SC II,3,0,0,0,0,0,2,1,64,0,NA,0.024,0.237,0,0,0,0,1,2,0,0,0.055,IV,NA,33%,0%
665771,Steven Koschek,Berliner SV 1892,12,0,0,0,0,0,1,2,998,0,NA,0.37,0.924,0,0,0,28,14,-2,2,0.667,0.562,ZM,IV,75%,17%
666752,Vittorio Achour,BSV Al-Dersimspor,2,0,0,0,0,0,2,1,72,0,NA,0.027,0.4,0,0,0,0,0,2,0,0,0.088,NA,NA,NA%,0%
666810,Tom Stutzke,SV Empor Berlin II,2,0,0,0,0,0,0,0,180,0,NA,0.067,1,0,0,0,0,2,0,0,0,0.22,IV,NA,100%,0%
667353,Maurice Völckert,BSV Eintracht Mahlsdorf II,10,3,4,0,0,0,1,7,636,0,11,0.236,0.707,0.7,0,0,19,10,0,1.9,0.633,0.466,ST,NA,90%,0%
670955,Jan Lange,Türkiyemspor Berlin,4,0,0,0,0,0,1,2,297,0,NA,0.11,0.825,0,0,0,3,4,0,0.75,0.25,0.298,IV,LV,50%,25%
681368,Tjerk Ortmann,SV Empor Berlin II,4,0,0,0,0,0,3,1,129,0,4,0.048,0.358,0,0,0,1,1,3,1,0.333,0.219,IV,NA,25%,0%
682329,Julius Zauner,Berliner SV 1892,22,6,0,0,0,0,9,10,1229,0,11,0.455,0.621,0.273,2,0.091,28,13,9,2.154,0.718,0.575,ST,RM,32%,14%
691769,Oliver Schill,BFC Preussen II,1,0,0,0,0,0,0,0,90,0,NA,0.033,1,0,1,1,3,1,0,3,1,0.91,IV,NA,100%,0%
693057,Merdan Baba,BSV Al-Dersimspor,14,12,3,0,0,0,3,6,1052,3,10,0.39,0.835,1.071,4,0.286,12,8,6,1.5,0.5,0.57,ST,IV,36%,7%
696770,Sam Diokhane,BSV Al-Dersimspor,17,2,0,0,0,0,2,0,1406,0,4,0.521,0.919,0.118,6,0.353,17,14,3,1.214,0.405,0.608,ZDM,IV,35%,24%
720266,Dennis Seiler,SV Empor Berlin II,14,2,0,0,0,0,3,1,1067,0,11,0.395,0.847,0.143,2,0.143,6,11,3,0.545,0.182,0.403,IV,ZM,29%,29%
736063,Göktug Özsoy,Berliner SV 1892,15,1,0,0,0,0,4,4,1018,2,19,0.377,0.754,0.067,1,0.067,21,11,4,1.909,0.636,0.539,ZM,IV,27%,13%
737592,Mohamad-Ali Chawraba,BSV Al-Dersimspor,11,4,0,0,0,0,1,8,860,2,47,0.319,0.869,0.364,2,0.182,16,10,1,1.6,0.533,0.537,ST,LM,55%,27%
739799,Nikolai Wolany,SV Empor Berlin II,1,0,0,0,0,0,0,0,90,0,NA,0.033,1,0,0,0,0,0,1,0,0,0.21,NA,NA,NA%,0%
740710,Oktay Öztürk,Berliner SC II,1,0,0,0,0,0,0,1,59,0,NA,0.022,0.656,0,0,0,0,3,-2,0,0,0.138,RV,NA,300%,0%
743561,Paulo Eduardo Bernardes De Almeida,Türkiyemspor Berlin,5,0,0,0,0,0,3,1,313,0,22,0.116,0.696,0,0,0,0,0,5,0,0,0.174,NA,NA,NA%,0%
747938,Julian Markgraf,VfB Concordia Britz 1916,7,0,0,0,0,0,2,1,507,0,NA,0.188,0.805,0,0,0,7,5,2,1.4,0.467,0.404,LV,IV,57%,14%
763426,Jan-Eric Frank,TSV Rudow Berlin,9,0,0,0,0,0,5,1,410,0,6,0.152,0.506,0,1,0.111,5,4,5,1.25,0.417,0.347,IV,RV,11%,11%
763854,Arnaud Salla,SV Empor Berlin II,1,0,0,0,0,0,0,0,90,0,NA,0.033,1,0,0,0,0,2,-1,0,0,0.21,IV,NA,200%,0%
774865,Michel Stefaniszin,SC Borsigwalde 1910,21,1,0,0,0,0,3,11,1428,9,8,0.529,0.756,0.048,2,0.095,31,18,3,1.722,0.574,0.568,ZDM,ZM,62%,14%
777705,Emre-Eyüp Önal,BSV Al-Dersimspor,14,0,1,0,0,0,4,7,909,0,7,0.337,0.721,0.071,1,0.071,7,10,4,0.7,0.233,0.36,ZDM,ZM,43%,21%
780838,Timo Höhna,SV Stern Britz 1889,18,1,1,3,0,0,2,5,1357,1,6,0.503,0.838,0.111,1,0.056,6,16,2,0.375,0.125,0.385,LV,LM,33%,22%
780845,Julian Karsten Heikenfeld,SV Stern Britz 1889,2,0,0,0,0,0,1,0,135,0,NA,0.05,0.75,0,1,0.5,0,1,1,0,0,0.315,ST,NA,50%,0%
781216,Kevin Kummer,SC Borsigwalde 1910,17,3,0,0,0,0,0,1,1514,0,29,0.561,0.99,0.176,6,0.353,20,17,0,1.176,0.392,0.629,IV,ZDM,65%,29%
784306,Lennard Schleifenbaum,Berliner SV 1892,22,6,0,0,0,0,4,1,1709,0,21,0.633,0.863,0.273,5,0.227,28,18,4,1.556,0.519,0.638,ZM,ST,32%,27%
803085,Amon Simunovic,Türkiyemspor Berlin,19,0,0,0,0,0,1,8,1473,0,6,0.546,0.861,0,2,0.105,25,18,1,1.389,0.463,0.553,ZDM,ZM,74%,11%
818845,Christopher Schwarz,FSV Berolina Stralau 1901,15,4,3,0,0,0,4,7,963,1,NA,0.357,0.713,0.467,1,0.067,18,11,4,1.636,0.545,0.488,ZM,NA,67%,0%
821531,Luca Ehrich,SV Stern Britz 1889,17,1,2,5,1,0,4,6,1054,0,27,0.39,0.689,0.176,0,0,4,11,6,0.364,0.121,0.303,ZDM,ST,29%,18%
822016,Sebastian Heßler,FSV Berolina Stralau 1901,17,8,2,0,0,0,5,7,1141,0,12,0.423,0.746,0.588,6,0.353,17,12,5,1.417,0.472,0.571,LM,LV,53%,12%
824144,Niklas Schindler,FC Internationale Berlin 1980,19,2,0,0,0,0,4,2,1365,0,11,0.506,0.798,0.105,3,0.158,20,15,4,1.333,0.444,0.536,IV,LV,74%,5%
831475,Dominik Dietzel,BFC Preussen II,9,0,0,0,0,0,1,0,799,1,1,0.296,0.986,0,4,0.444,21,8,1,2.625,0.875,0.769,TW,NA,78%,0%
833291,Davut Kösker,Türkiyemspor Berlin,4,0,0,0,0,0,0,0,360,0,32,0.133,1,0,0,0,3,4,0,0.75,0.25,0.34,TW,NA,100%,0%
835657,Oktay Ugur,BFC Meteor 06,18,3,1,1,0,0,6,11,1135,1,17,0.42,0.701,0.222,1,0.056,29,12,6,2.417,0.806,0.605,ZOM,LM,28%,11%
836435,Karim Zagmouz,BSV Al-Dersimspor,12,1,0,0,0,0,0,1,1035,0,6,0.383,0.958,0.083,4,0.333,13,12,0,1.083,0.361,0.551,IV,RV,75%,17%
838390,Maximilian Zengler,Köpenicker FC,2,0,0,0,0,0,0,1,167,0,25,0.062,0.928,0,0,0,0,2,0,0,0,0.204,ST,NA,100%,0%
838396,Hakan Günaydin,BSV Al-Dersimspor,3,1,0,0,0,0,1,0,195,0,NA,0.072,0.722,0.333,1,0.333,1,2,1,0.5,0.167,0.333,RM,ZOM,33%,33%
838400,Sebastian Stang,TSV Rudow Berlin,1,0,0,0,0,0,1,0,3,0,NA,0.001,0.033,0,0,0,0,0,1,0,0,0.007,NA,NA,NA%,0%
838422,David Bellin,Berliner SV 1892,20,5,0,0,0,0,5,12,1217,1,28,0.451,0.676,0.25,3,0.15,30,15,5,2,0.667,0.582,ST,RM,35%,25%
844840,Jose Antonio Ondo Mangue,Köpenicker FC,12,5,0,0,0,0,4,5,638,0,21,0.236,0.591,0.417,0,0,0,0,12,0,0,0.189,NA,NA,NA%,0%
845397,Caglar Polat,BSV Al-Dersimspor,18,0,1,0,0,0,0,6,1499,0,27,0.555,0.925,0.056,2,0.111,21,18,0,1.167,0.389,0.54,ZOM,ZM,33%,28%
848940,Patrick Kübler,SV Stern Britz 1889,0,0,0,0,0,0,0,0,0,0,21,0,0,0,0,0,0,0,0,0,0,0,NA,NA,0,0%
849219,Tim Riese,BFC Meteor 06,18,7,2,2,0,0,0,2,1546,4,4,0.573,0.954,0.5,7,0.389,37,17,1,2.176,0.725,0.77,IV,ZM,83%,11%
849336,Pascal Berger,Köpenicker FC,0,0,0,0,0,0,0,0,0,0,NA,0,0,0,0,0,0,0,0,0,0,0,NA,NA,0,0%
849578,Timo Ziebarth,SV Stern Britz 1889,14,0,0,1,0,0,0,0,1260,1,1,0.467,1,0,5,0.357,3,14,0,0.214,0.071,0.476,TW,NA,93%,0%
849598,Tim Niedenhoff,Berliner SC II,16,1,5,0,0,0,3,4,1121,0,19,0.415,0.778,0.375,4,0.25,17,12,4,1.417,0.472,0.544,ZM,ST,62%,6%
849600,Görkem Yilmaz,Türkiyemspor Berlin,20,1,0,0,0,0,0,5,1675,2,4,0.62,0.931,0.05,1,0.05,25,11,9,2.273,0.758,0.69,ZOM,ST,25%,10%
849601,Enrique Freitag,FC Internationale Berlin 1980,17,0,0,0,0,0,1,2,1465,0,8,0.543,0.958,0,8,0.471,17,16,1,1.062,0.354,0.637,ZDM,ZM,47%,41%
849613,Etem Tonk,BSV Al-Dersimspor,20,0,0,0,0,0,0,3,1720,0,24,0.637,0.956,0,5,0.25,24,20,0,1.2,0.4,0.617,IV,ZDM,55%,20%
849622,Dominique Leitner,Berliner SC II,22,2,1,0,0,0,0,0,1980,0,5,0.733,1,0.136,7,0.318,26,22,0,1.182,0.394,0.673,IV,NA,95%,0%
850594,Dennis Fischer,Türkiyemspor Berlin,5,0,0,0,0,0,1,2,309,0,2,0.114,0.687,0,0,0,13,11,-6,1.182,0.394,0.329,LM,LV,80%,80%
850594,Dennis Fischer,Berliner SV 1892,5,0,0,0,0,0,5,0,101,0,2,0.037,0.224,0,0,0,13,11,-6,1.182,0.394,0.214,LM,LV,80%,80%
854386,Tom Wessel,SV Empor Berlin II,5,0,0,0,0,0,2,2,237,0,24,0.088,0.527,0,0,0,1,2,3,0.5,0.167,0.198,IV,LM,20%,20%
860630,Kamil Ryszard Borowski,SV Stern Britz 1889,4,0,0,0,0,0,0,2,302,0,NA,0.112,0.839,0,0,0,0,4,0,0,0,0.201,IV,NA,100%,0%
870868,Linus Fürstenow,TSV Rudow Berlin,21,0,0,0,0,0,0,0,1890,0,4,0.7,1,0,8,0.381,47,21,0,2.238,0.746,0.823,IV,NA,95%,0%
871111,Philipp Nikolajewski,FSV Berolina Stralau 1901,15,0,0,0,0,0,5,0,1020,0,14,0.378,0.756,0,0,0,2,10,5,0.2,0.067,0.291,IV,RV,60%,7%
871200,Umran Saied,Berliner SC II,1,0,0,0,0,0,0,1,59,0,NA,0.022,0.656,0,0,0,0,1,0,0,0,0.138,LM,NA,100%,0%
872446,Oguz Rencber,Berliner SC II,2,0,0,0,0,0,1,1,70,0,NA,0.026,0.389,0,1,0.5,1,1,1,1,0.333,0.369,LM,NA,50%,0%
872943,Emilio Son,FSV Berolina Stralau 1901,4,0,0,0,0,0,4,0,104,0,7,0.039,0.289,0,0,0,0,0,4,0,0,0.069,NA,NA,NA%,0%
877594,Nico Hauf,SV Stern Britz 1889,16,0,0,0,0,0,4,4,1011,0,13,0.374,0.702,0,0,0,1,12,4,0.083,0.028,0.264,IV,ZDM,38%,12%
886558,Elias Thürigen,SV Empor Berlin II,15,1,0,0,0,0,2,1,1264,0,5,0.468,0.936,0.067,2,0.133,9,13,2,0.692,0.231,0.46,IV,NA,87%,0%
889788,Viktor Kreisel,FSV Berolina Stralau 1901,1,0,0,0,0,0,1,1,15,0,20,0.006,0.167,0,0,0,0,0,1,0,0,0.035,NA,NA,NA%,0%
890602,Simon Albrecht,SV Empor Berlin II,1,0,0,0,0,0,0,1,57,0,NA,0.021,0.633,0,0,0,0,1,0,0,0,0.133,ZM,NA,100%,0%
906538,Albert Bauder,FC Internationale Berlin 1980,10,2,0,0,0,0,7,3,357,0,9,0.132,0.397,0.2,1,0.1,4,3,7,1.333,0.444,0.327,ST,NA,30%,0%
908725,Robin Koller,SV Stern Britz 1889,2,0,0,0,0,0,1,0,111,0,NA,0.041,0.617,0,0,0,1,1,1,1,0.333,0.269,TW,NA,50%,0%
912413,Marc Michas,BSV Eintracht Mahlsdorf II,15,1,6,0,0,0,3,8,991,2,10,0.367,0.734,0.467,1,0.067,23,12,3,1.917,0.639,0.533,ST,ZM,33%,33%
928175,Habib Jalloh,Türkiyemspor Berlin,7,4,0,0,1,0,1,3,519,1,16,0.192,0.824,0.571,0,0,6,5,2,1.2,0.4,0.382,LM,NA,71%,0%
929189,Domenic Schäfer,VfB Concordia Britz 1916,1,0,0,0,0,0,1,0,1,0,NA,0,0.011,0,2,2,24,17,-16,1.412,0.471,0.79,LV,LM,1400%,200%
931868,Mohammed Hassane,TSV Rudow Berlin,22,2,2,0,0,0,0,1,1935,2,17,0.717,0.977,0.182,4,0.182,52,22,0,2.364,0.788,0.78,ZDM,ZM,45%,32%
933040,Ian Häberle,FSV Berolina Stralau 1901,19,0,0,0,0,0,2,3,1517,1,22,0.562,0.887,0,0,0,18,16,3,1.125,0.375,0.496,IV,ZM,63%,11%
939983,Niklas Isberner,BSV Eintracht Mahlsdorf II,20,1,1,0,0,0,4,1,1444,0,4,0.535,0.802,0.1,2,0.1,21,16,4,1.312,0.437,0.526,IV,NA,60%,0%
939984,Joris Möller,SV Empor Berlin II,1,1,0,0,0,0,0,1,64,1,NA,0.024,0.711,1,0,0,3,1,0,3,1,0.549,LM,NA,100%,0%
939988,Leorant Abduli,BSV Al-Dersimspor,1,0,0,0,0,0,1,0,39,0,23,0.014,0.433,0,0,0,0,0,1,0,0,0.091,NA,NA,NA%,0%
946138,Ali Mert Koca,SV Stern Britz 1889,8,1,1,0,0,0,0,3,611,0,15,0.226,0.849,0.25,2,0.25,0,10,-2,0,0,0.313,ZOM,RM,75%,25%
946138,Ali Mert Koca,Türkiyemspor Berlin,6,0,0,0,0,0,3,1,288,0,15,0.107,0.533,0,2,0.333,0,10,-4,0,0,0.239,ZOM,RM,100%,33%
946153,Ertugrul Aktas,Türkiyemspor Berlin,17,0,0,0,0,0,0,0,1530,1,13,0.567,1,0,3,0.176,15,13,4,1.154,0.385,0.577,TW,ST,59%,6%
946158,Talha Sennur,TSV Rudow Berlin,17,8,0,0,0,0,2,8,1302,1,24,0.482,0.851,0.471,2,0.118,10,4,13,2.5,0.833,0.683,ST,ZOM,18%,6%
946160,Milan Daus,FC Internationale Berlin 1980,20,3,0,0,0,0,2,6,1596,1,10,0.591,0.887,0.15,7,0.35,22,18,2,1.222,0.407,0.623,LM,ST,35%,35%
952736,Devis Meißner,BSV Eintracht Mahlsdorf II,2,1,1,0,0,0,0,1,145,0,NA,0.054,0.806,1,3,1.5,10,10,-8,1,0.333,0.761,TW,NA,400%,0%
953241,Magnus Crone,SC Borsigwalde 1910,18,4,0,0,0,0,0,7,1441,1,14,0.534,0.89,0.222,3,0.167,28,18,0,1.556,0.519,0.596,RM,ST,33%,17%
956353,Fabio Rondinelli,SC Borsigwalde 1910,16,4,0,0,0,0,6,7,995,0,9,0.369,0.691,0.25,2,0.125,13,10,6,1.3,0.433,0.46,RM,LM,44%,12%
972936,Mehmet Tunay,Türkiyemspor Berlin,8,5,0,0,0,0,0,1,694,2,NA,0.257,0.964,0.625,3,0.375,9,8,0,1.125,0.375,0.532,LM,ST,50%,25%
990217,Tim Paschke,Berliner SV 1892,10,4,0,0,0,0,5,4,433,0,13,0.16,0.481,0.4,3,0.3,6,5,5,1.2,0.4,0.394,ST,RM,20%,10%
990236,Stefano Tedesco,Berliner SV 1892,19,1,0,0,0,0,1,1,1605,0,22,0.594,0.939,0.053,3,0.158,37,18,1,2.056,0.685,0.688,IV,NA,89%,0%
994879,Simon Böhm,BFC Meteor 06,20,21,3,7,0,0,1,8,1683,12,11,0.623,0.935,1.2,9,0.45,44,18,2,2.444,0.815,0.835,ST,NA,90%,0%
1008335,Marcus Grund,BSV Eintracht Mahlsdorf II,4,0,0,0,0,0,3,0,155,1,NA,0.057,0.431,0,0,0,3,1,3,3,1,0.503,ZM,NA,25%,0%
1012823,Danilo Arsic,Berliner SC II,7,3,0,0,0,0,4,3,328,1,11,0.121,0.521,0.429,1,0.143,2,3,4,0.667,0.222,0.272,ST,NA,43%,0%
1019739,Philipp Macketanz,SV Empor Berlin II,12,0,0,0,0,0,5,2,701,0,15,0.26,0.649,0,0,0,6,8,4,0.75,0.25,0.308,LV,IV,50%,17%
1021635,Patrick Büch,FC Viktoria 1889 Berlin II,0,0,0,0,0,0,0,0,0,0,NA,0,0,0,0,0,0,0,0,0,0,0,NA,NA,0,0%
1053158,Akiyasu Tsuchiya,FC Internationale Berlin 1980,6,1,0,0,0,0,0,1,519,1,6,0.192,0.961,0.167,3,0.5,13,11,-5,1.182,0.394,0.557,ZM,LM,133%,17%
1053158,Akiyasu Tsuchiya,FSV Berolina Stralau 1901,9,0,0,0,0,0,3,6,407,0,6,0.151,0.502,0,3,0.333,13,11,-2,1.182,0.394,0.403,ZM,LM,89%,11%
1057834,Fabio Findeisen,BSV Eintracht Mahlsdorf II,4,0,0,0,0,0,0,1,334,0,NA,0.124,0.928,0,0,0,4,4,0,1,0.333,0.356,ZM,NA,100%,0%
1059166,Kenan Halilcevic,BSV Eintracht Mahlsdorf II,13,8,2,0,0,0,0,9,1025,1,17,0.38,0.876,0.769,3,0.231,23,13,0,1.769,0.59,0.594,LM,RM,77%,15%
1074492,Demba Mendy,SV Empor Berlin II,14,4,0,0,0,0,3,5,967,0,9,0.358,0.767,0.286,3,0.214,10,10,4,1,0.333,0.458,ST,ZOM,50%,14%
1075243,Adrian Thiemann,Köpenicker FC,18,0,0,0,0,0,0,0,1620,1,1,0.6,1,0,6,0.333,25,18,0,1.389,0.463,0.665,TW,NA,100%,0%
1075753,Can Yildiz,BSV Al-Dersimspor,5,0,0,0,0,0,5,0,81,0,NA,0.03,0.18,0,0,0,0,0,5,0,0,0.045,NA,NA,NA%,0%
1077594,Daniel Mpembele Nzongo,SC Borsigwalde 1910,7,2,0,0,0,0,3,4,364,1,NA,0.135,0.578,0.286,0,0,0,1,6,0,0,0.156,ST,NA,14%,0%
1077595,David Mpembele Nzongo,SC Borsigwalde 1910,4,0,0,0,0,0,4,0,94,0,25,0.035,0.261,0,0,0,0,1,3,0,0,0.063,ST,NA,25%,0%
1080229,Tobias Reuter,FSV Berolina Stralau 1901,21,2,0,0,0,0,1,2,1780,1,4,0.659,0.942,0.095,4,0.19,22,20,1,1.1,0.367,0.59,ZM,IV,52%,19%
1081154,Achmed El-Noumeiri,BSV Al-Dersimspor,5,0,0,0,0,0,3,2,225,0,NA,0.083,0.5,0,0,0,0,0,5,0,0,0.125,NA,NA,NA%,0%
1083348,Darnell Bruns,VfB Concordia Britz 1916,8,1,0,0,0,0,2,2,520,0,11,0.193,0.722,0.125,0,0,0,6,2,0,0,0.202,ST,LM,38%,25%
1083352,Leon Ketel,VfB Concordia Britz 1916,12,0,0,0,0,0,0,1,1035,0,1,0.383,0.958,0,2,0.167,7,12,0,0.583,0.194,0.434,TW,NA,100%,0%
1083354,Merlin Schulz,VfB Concordia Britz 1916,1,0,0,0,0,0,1,0,13,0,8,0.005,0.144,0,8,8,10,18,-17,0.556,0.185,2.504,IV,LM,1900%,100%
1084756,Leon Ibrom,Berliner SC II,21,3,0,0,0,0,0,1,1813,0,4,0.671,0.959,0.143,2,0.095,23,21,0,1.095,0.365,0.568,IV,RV,90%,5%
1084761,David Schäfer,SV Empor Berlin II,2,3,0,0,0,0,0,0,180,0,NA,0.067,1,1.5,2,1,24,17,-15,1.412,0.471,0.708,LV,LM,700%,100%
1084792,Rene Lohmeier,Berliner SC II,0,0,0,0,0,0,0,0,0,0,NA,0,0,0,0,0,0,0,0,0,0,0,NA,NA,0,0%
1084796,Sam Misgayski,SV Empor Berlin II,1,0,0,0,0,0,1,0,8,0,22,0.003,0.089,0,0,0,0,0,1,0,0,0.019,NA,NA,NA%,0%
1089199,Pablo Guillen,FSV Berolina Stralau 1901,12,0,0,0,0,0,4,6,739,0,8,0.274,0.684,0,0,0,5,8,4,0.625,0.208,0.302,ST,ZM,33%,33%
1091094,Luca Wojan,SV Stern Britz 1889,17,1,0,1,0,0,0,7,1404,0,22,0.52,0.918,0.059,3,0.176,10,17,0,0.588,0.196,0.471,ZDM,ZM,47%,29%
1098901,Onur Kalkan,BSV Al-Dersimspor,15,0,0,0,0,0,3,5,944,0,63,0.35,0.699,0,0,0,9,12,3,0.75,0.25,0.345,IV,LV,60%,13%
1102126,Tarek Borchmeier,Köpenicker FC,18,1,0,0,0,0,3,5,1342,0,13,0.497,0.828,0.056,3,0.167,18,15,3,1.2,0.4,0.525,ZM,LM,67%,11%
1102130,Roman Ilinseer,Köpenicker FC,15,10,1,0,0,0,6,8,904,2,18,0.335,0.67,0.733,2,0.133,11,9,6,1.222,0.407,0.437,ST,NA,60%,0%
1102140,Abdoulaye Djibril Diallo,BFC Meteor 06,7,2,3,0,0,0,0,3,572,0,NA,0.212,0.908,0.714,8,1.143,25,15,-8,1.667,0.556,0.81,RV,RM,100%,71%
1102140,Abdoulaye Djibril Diallo,Türkiyemspor Berlin,5,2,0,0,0,0,0,2,439,1,NA,0.163,0.976,0.4,8,1.6,25,15,-10,1.667,0.556,0.946,RV,RM,140%,100%
1102174,Baris Güngör,BSV Al-Dersimspor,5,0,1,0,0,0,3,1,204,0,NA,0.076,0.453,0.2,0,0,3,2,3,1.5,0.5,0.313,ZM,ZOM,20%,20%
1102194,Pascal Bräkow,SV Empor Berlin II,22,0,0,0,0,0,0,11,1779,0,2,0.659,0.898,0,1,0.045,16,21,1,0.762,0.254,0.492,RV,RM,50%,18%
1102198,Pjotr Xaver Strelets,SV Empor Berlin II,3,0,0,0,0,0,2,1,69,0,NA,0.026,0.256,0,1,0.333,1,1,2,1,0.333,0.292,LV,NA,33%,0%
1102215,Amin Malik Chahed,FC Internationale Berlin 1980,8,0,0,0,0,0,8,0,114,0,77,0.042,0.158,0,0,0,0,0,8,0,0,0.044,NA,NA,NA%,0%
1102271,Niklas Jost,Berliner SV 1892,21,1,0,0,0,0,1,0,1836,0,4,0.68,0.971,0.048,3,0.143,37,20,1,1.85,0.617,0.688,IV,LM,57%,10%
1102273,Mario Mikic,Berliner SV 1892,2,0,0,0,0,0,1,1,94,0,14,0.035,0.522,0,0,0,0,1,1,0,0,0.115,RV,NA,50%,0%
1102310,Paul Busche,Berliner SV 1892,21,6,0,0,0,0,8,9,1242,1,7,0.46,0.657,0.286,5,0.238,22,13,8,1.692,0.564,0.566,LM,ZM,19%,19%
1105603,Firooz Ahmadi,Berliner SV 1892,1,0,0,0,0,0,1,0,16,0,NA,0.006,0.178,0,0,0,0,0,1,0,0,0.037,NA,NA,NA%,0%
1109767,Oskar Schlembach,FC Viktoria 1889 Berlin II,10,1,0,0,0,0,5,5,490,0,21,0.181,0.544,0.1,0,0,15,5,5,3,1,0.563,ZDM,NA,40%,0%
1116912,Ibrahim Hassan,BSV Al-Dersimspor,1,0,0,0,0,0,1,0,15,0,NA,0.006,0.167,0,1,1,0,2,-1,0,0,0.335,IV,NA,200%,0%
1117050,Jonathan Maurer,Berliner SV 1892,8,0,0,0,0,0,0,2,687,0,NA,0.254,0.954,0,3,0.375,18,8,0,2.25,0.75,0.679,ZM,NA,75%,0%
1117059,Baran Egilmez,BSV Al-Dersimspor,1,0,0,0,0,0,0,0,90,0,NA,0.033,1,0,0,0,0,1,0,0,0,0.21,NA,NA,NA%,0%
1117104,Gianfranco Manzari,SV Stern Britz 1889,0,0,0,0,0,0,0,0,0,0,NA,0,0,0,0,0,0,0,0,0,0,0,NA,NA,0,0%
1117111,Joshua Tröger,Berliner SV 1892,16,1,0,0,0,0,3,6,1146,0,24,0.424,0.796,0.062,4,0.25,31,13,3,2.385,0.795,0.679,RV,RM,31%,25%
1118199,Muzaffer Kirimoglu,Türkiyemspor Berlin,9,0,0,0,0,0,3,2,569,0,9,0.211,0.702,0,0,0,5,6,3,0.833,0.278,0.315,ST,NA,56%,0%
1118240,Samet Sennur,TSV Rudow Berlin,12,1,0,0,0,0,6,5,597,0,11,0.221,0.553,0.083,2,0.167,10,4,8,2.5,0.833,0.56,ST,ZOM,25%,8%
1119437,Jasper Büll,FC Internationale Berlin 1980,1,0,0,0,0,0,1,0,3,0,NA,0.001,0.033,0,0,0,0,0,1,0,0,0.007,NA,NA,NA%,0%
1119568,Ibrahim Diallo,FSV Berolina Stralau 1901,11,0,1,0,0,0,7,3,399,0,10,0.148,0.403,0.091,8,0.727,25,15,-4,1.667,0.556,0.565,RV,RM,64%,45%
1119607,Jordy Gase,VfB Concordia Britz 1916,18,1,0,0,0,0,6,9,938,1,25,0.347,0.579,0.056,0,0,0,1,17,0,0,0.22,ST,NA,6%,0%
1119739,Dominik Thonfeld,TSV Rudow Berlin,10,0,1,0,0,0,8,1,251,0,23,0.093,0.279,0.1,0,0,1,2,8,0.5,0.167,0.15,ST,ZM,10%,10%
1123046,Safak Höbek,BSV Al-Dersimspor,1,0,0,0,0,0,1,1,28,0,NA,0.01,0.311,0,0,0,0,0,1,0,0,0.065,NA,NA,NA%,0%
1132985,Ayham Heimur,BFC Meteor 06,18,5,8,3,0,0,4,12,1167,2,92,0.432,0.72,0.722,2,0.111,27,14,4,1.929,0.643,0.564,LM,RM,44%,11%
1135576,Jakob Klautzsch,FC Viktoria 1889 Berlin II,3,0,0,0,0,0,0,1,225,0,NA,0.083,0.833,0,0,0,4,3,0,1.333,0.444,0.369,LV,ZM,67%,33%
1150915,Tilman Schinzel,SV Empor Berlin II,17,0,0,0,0,0,0,0,1530,0,14,0.567,1,0,2,0.118,8,16,1,0.5,0.167,0.472,IV,ZDM,47%,29%
1151082,Simon Stefanovic,FC Viktoria 1889 Berlin II,19,0,0,0,0,0,1,1,1629,0,7,0.603,0.953,0,4,0.211,32,19,0,1.684,0.561,0.659,LV,IV,68%,11%
1155862,Leon Schmeißer,BSV Eintracht Mahlsdorf II,7,3,1,0,0,0,1,4,470,0,20,0.174,0.746,0.571,1,0.143,12,6,1,2,0.667,0.511,RM,ST,43%,29%
1170035,Rayk Stahnke,Köpenicker FC,6,0,0,0,0,0,6,0,87,0,26,0.032,0.161,0,0,0,0,0,6,0,0,0.042,NA,NA,NA%,0%
1173011,Deniz Gassen,VfB Concordia Britz 1916,8,0,0,0,0,0,6,1,318,0,10,0.118,0.442,0,1,0.125,0,2,6,0,0,0.161,ZM,NA,25%,0%
1181874,Julius Böke,BFC Meteor 06,0,0,0,0,0,0,0,0,0,0,NA,0,0,0,0,0,0,0,0,0,0,0,NA,NA,0,0%
1185789,Jakob Oevermann,Berliner SC II,4,1,0,0,0,0,2,0,261,0,15,0.097,0.725,0.25,1,0.25,4,2,2,2,0.667,0.516,IV,NA,50%,0%
1186665,Thomaz Klingl,FC Internationale Berlin 1980,1,0,0,0,0,0,0,0,90,0,10,0.033,1,0,0,0,3,1,0,3,1,0.61,ST,NA,100%,0%
1198078,Ole Bresemann,FSV Berolina Stralau 1901,19,7,4,0,0,0,6,9,1215,5,9,0.45,0.711,0.579,3,0.158,16,12,7,1.333,0.444,0.502,ST,NA,58%,0%
1202663,Eric Stier,FSV Berolina Stralau 1901,18,3,3,0,0,0,6,7,1138,2,5,0.421,0.702,0.333,2,0.111,11,12,6,0.917,0.306,0.422,ST,RM,61%,6%
1239218,Soner Gültepe,Berliner SV 1892,6,0,0,0,0,0,6,0,60,0,26,0.022,0.111,0,0,0,0,0,6,0,0,0.029,NA,NA,NA%,0%
1247065,Kevin Schneider,SV Stern Britz 1889,2,0,0,0,0,0,1,0,116,0,NA,0.043,0.644,0,2,1,9,12,-10,0.75,0.25,0.542,RM,ST,400%,150%
1256639,Falk Marquard,SV Empor Berlin II,4,2,0,0,0,0,0,0,360,0,NA,0.133,1,0.5,1,0.25,4,3,1,1.333,0.444,0.493,ZDM,ZM,50%,25%
1261237,Cengiz Devecioglu,SC Borsigwalde 1910,0,0,0,0,0,0,0,0,0,0,NA,0,0,0,0,0,0,0,0,0,0,0,NA,NA,0,0%
1263535,Jonathan Stolp,SV Empor Berlin II,10,3,0,0,0,0,3,4,679,0,7,0.251,0.754,0.3,0,0,4,7,3,0.571,0.19,0.302,RM,ST,30%,30%
1263543,Lucas Hufnagel,FSV Berolina Stralau 1901,1,0,0,0,0,0,1,0,21,0,NA,0.008,0.233,0,0,0,0,0,1,0,0,0.049,NA,NA,NA%,0%
1275859,Hong Phuc Dinh,SV Empor Berlin II,5,2,0,0,0,0,3,2,206,0,17,0.076,0.458,0.4,0,0,1,2,3,0.5,0.167,0.181,LM,ST,20%,20%
1296888,Oguzhan Codura,Türkiyemspor Berlin,5,0,0,0,0,0,1,3,312,0,10,0.116,0.693,0,0,0,6,4,1,1.5,0.5,0.373,ST,NA,80%,0%
1317878,Firat Yildirim,SC Borsigwalde 1910,13,0,0,0,0,1,1,2,1026,0,15,0.38,0.877,0,3,0.231,5,5,8,1,0.333,0.492,ZDM,ZOM,15%,15%
1325188,Marcel Frobenius,SV Stern Britz 1889,14,1,0,0,0,0,5,0,928,0,37,0.344,0.737,0.071,1,0.071,1,9,5,0.111,0.037,0.287,RV,IV,50%,7%
1326499,Stefan Nicola,FC Internationale Berlin 1980,0,0,0,0,0,0,0,0,0,0,NA,0,0,0,0,0,0,0,0,0,0,0,NA,NA,0,0%
1334973,Florian Nikolai Thalhofer,Türkiyemspor Berlin,14,0,0,0,0,0,4,3,902,2,17,0.334,0.716,0,0,0,15,10,4,1.5,0.5,0.443,RV,LM,64%,7%
1336298,Fredy Balde,BFC Meteor 06,7,1,1,0,0,0,5,1,187,1,8,0.069,0.297,0.286,1,0.143,3,2,5,1.5,0.5,0.323,LM,NA,14%,0%
1336637,Alexander Gajda,BFC Preussen II,10,1,0,0,0,0,7,2,317,0,14,0.117,0.352,0.1,1,0.1,6,3,7,2,0.667,0.402,RV,NA,30%,0%
1338125,Nikolaos Kaggelidids,Berliner SC II,15,2,0,0,0,0,2,3,1102,0,3,0.408,0.816,0.133,1,0.067,13,13,2,1,0.333,0.439,LV,RV,73%,7%
1338340,David Nagel,FC Viktoria 1889 Berlin II,10,2,1,0,0,0,4,5,427,0,4,0.158,0.474,0.3,2,0.2,13,8,2,1.625,0.542,0.419,IV,NA,70%,0%
1344500,Marius Schreiber,BSV Eintracht Mahlsdorf II,1,0,1,0,0,0,0,0,90,0,8,0.033,1,1,0,0,3,1,0,3,1,0.61,LV,NA,100%,0%
1344722,Nils Szerwinski,BFC Preussen II,8,1,0,0,0,0,7,1,247,0,21,0.091,0.343,0.125,0,0,3,1,7,3,1,0.496,ST,NA,12%,0%
1352394,Malte Meißner,VfB Concordia Britz 1916,9,0,0,0,0,0,1,0,765,0,33,0.283,0.944,0,3,0.333,10,10,-1,1,0.333,0.507,TW,NA,89%,0%
1355989,Khaled El-Okkla,SC Borsigwalde 1910,17,0,0,0,0,0,5,3,1087,1,27,0.403,0.71,0,4,0.235,16,11,6,1.455,0.485,0.527,IV,NA,59%,0%
1358063,Tommes Diallo,SV Stern Britz 1889,7,0,0,0,0,0,0,0,630,0,2,0.233,1,0,8,1.143,25,15,-8,1.667,0.556,0.835,RV,RM,100%,71%
1359263,Marcos Terzopulos-Koutsoubas,BFC Meteor 06,3,0,0,2,0,0,1,1,157,0,5,0.058,0.581,0,0,0,3,1,2,3,1,0.534,RV,NA,33%,0%
1359284,Dennis Pyplatz,SV Stern Britz 1889,19,1,0,3,0,0,4,7,1281,0,24,0.474,0.749,0.053,4,0.211,3,15,4,0.2,0.067,0.382,ZDM,ZM,58%,16%
1362203,Stefan Glaser,Berliner SC II,15,0,5,0,0,0,3,4,1150,0,9,0.426,0.852,0.333,3,0.2,16,12,3,1.333,0.444,0.536,ST,LM,53%,13%
1366319,Omar Hajjaj,BFC Preussen II,2,1,0,0,0,0,0,0,167,0,NA,0.062,0.928,0.5,0,0,3,2,0,1.5,0.5,0.404,ZDM,NA,50%,0%
1368732,David Chukwu,SC Borsigwalde 1910,10,0,0,0,0,0,5,2,504,1,NA,0.187,0.56,0,1,0.1,10,5,5,2,0.667,0.465,LV,RV,20%,10%
1370831,Moreno Schneider,FC Internationale Berlin 1980,14,2,0,0,0,0,3,1,1033,1,19,0.383,0.82,0.143,2,0.143,9,12,2,0.75,0.25,0.422,RM,ST,57%,21%
1371280,Pascal-Rene Jüterbock,BFC Meteor 06,14,3,2,2,0,0,11,2,466,2,84,0.173,0.37,0.357,1,0.071,9,3,11,3,1,0.547,LM,RM,14%,7%
1371324,Leeroy-Life Leffke,FSV Berolina Stralau 1901,9,0,0,0,0,0,9,0,117,0,13,0.043,0.144,0,0,0,0,0,9,0,0,0.042,NA,NA,NA%,0%
1375485,Ferhat Ömür,Türkiyemspor Berlin,0,0,0,0,0,0,0,0,0,0,68,0,0,0,0,0,0,0,0,0,0,0,NA,NA,0,0%
1384597,Nico Hasenbank,VfB Concordia Britz 1916,2,0,0,0,0,0,1,0,106,0,NA,0.039,0.589,0,0,0,0,1,1,0,0,0.13,ZM,NA,50%,0%
1384826,Benedikt Schmidtmann,VfB Concordia Britz 1916,20,0,0,0,0,0,2,5,1553,0,23,0.575,0.863,0,4,0.2,11,19,1,0.579,0.193,0.482,RV,LV,45%,35%
1389946,Arne-Luca Auctun,VfB Concordia Britz 1916,16,1,0,0,0,0,2,2,1207,0,19,0.447,0.838,0.062,3,0.188,5,14,2,0.357,0.119,0.406,IV,NA,81%,0%
1390295,Ömer Tanis,Türkiyemspor Berlin,22,1,2,0,0,0,3,2,1758,0,8,0.651,0.888,0.136,2,0.091,24,19,3,1.263,0.421,0.569,ZDM,ZM,45%,14%
1395099,Marvin Knape,FC Viktoria 1889 Berlin II,6,0,0,0,0,0,5,1,138,0,20,0.051,0.256,0,0,0,0,1,5,0,0,0.066,RV,NA,17%,0%
1401763,Luca Carius,Köpenicker FC,21,0,0,0,0,0,0,1,1873,0,6,0.694,0.991,0,7,0.333,30,21,0,1.429,0.476,0.697,IV,LM,90%,5%
1404837,Paul Nickel,SV Empor Berlin II,1,1,1,0,0,0,0,0,90,0,NA,0.033,1,2,1,1,0,1,0,0,0,0.51,ZDM,NA,100%,0%
1405724,Stephan Ngah,Berliner SC II,1,0,0,0,0,0,0,1,59,0,NA,0.022,0.656,0,0,0,0,1,0,0,0,0.138,RM,NA,100%,0%
1423572,Meiko Hesse,BFC Preussen II,18,0,0,0,0,0,7,9,1018,0,6,0.377,0.628,0,0,0,25,10,8,2.5,0.833,0.572,ZDM,ZM,44%,11%
1423758,Johannes Schwarz,FC Viktoria 1889 Berlin II,3,0,0,0,0,0,3,0,15,0,NA,0.006,0.056,0,1,0.333,18,11,-8,1.636,0.545,0.331,ZM,NA,333%,0%
1424435,Alfredo-Manuel Villanueva Bravo,FSV Berolina Stralau 1901,3,1,0,0,0,0,0,2,230,0,10,0.085,0.852,0.333,0,0,1,2,1,0.5,0.167,0.263,LM,ST,33%,33%
1424468,Julian Bufe,BSV Eintracht Mahlsdorf II,0,0,0,0,0,0,0,0,0,0,NA,0,0,0,0,0,0,0,0,0,0,0,NA,NA,0,0%
1424472,Tom Rostock,Köpenicker FC,6,0,0,0,0,0,4,2,193,0,NA,0.071,0.357,0,0,0,4,2,4,2,0.667,0.359,RM,ZM,17%,17%
1424475,Oliver Spigaht,BSV Eintracht Mahlsdorf II,14,0,2,0,0,0,9,2,584,0,6,0.216,0.463,0.143,0,0,6,4,10,1.5,0.5,0.357,RM,NA,29%,0%
1442249,Jeremy Herrmann,FC Viktoria 1889 Berlin II,18,1,0,0,0,0,1,4,1458,0,26,0.54,0.9,0.056,1,0.056,32,17,1,1.882,0.627,0.61,ZDM,ZM,39%,28%
1442312,Lukas-Noah Littler,FC Viktoria 1889 Berlin II,11,0,0,0,0,0,3,0,769,0,2,0.285,0.777,0,0,0,8,6,5,1.333,0.444,0.419,IV,NA,45%,0%
1442314,Mirko Wach,FC Viktoria 1889 Berlin II,0,0,0,0,0,0,0,0,0,0,NA,0,0,0,0,0,0,0,0,0,0,0,NA,NA,0,0%
1447154,Bryan Lilja,Berliner SC II,5,0,0,0,0,0,2,2,308,0,18,0.114,0.684,0,0,0,9,3,2,3,1,0.571,LM,RM,20%,20%
1450648,Kenan Özen,Türkiyemspor Berlin,14,0,0,0,0,0,9,4,480,0,6,0.178,0.381,0,0,0,8,6,8,1.333,0.444,0.307,ZDM,IV,21%,14%
1465520,Guilherme Henrique Lopes De Oliveira,BFC Preussen II,0,0,0,0,0,0,0,0,0,0,NA,0,0,0,0,0,0,0,0,0,0,0,NA,NA,0,0%
1472494,Lennart Nerlich,BFC Meteor 06,21,1,1,3,1,0,0,0,1876,4,5,0.695,0.993,0.095,8,0.381,47,21,0,2.238,0.746,0.82,IV,NA,100%,0%
1472506,Jannik Jantzen,BFC Meteor 06,18,2,7,6,0,0,1,12,1308,4,27,0.484,0.807,0.5,4,0.222,38,17,1,2.235,0.745,0.671,ZDM,ZM,39%,17%
1474129,Milan Stricker,FSV Berolina Stralau 1901,8,0,0,0,0,0,5,3,306,0,NA,0.113,0.425,0,1,0.125,0,3,5,0,0,0.156,ST,ZM,25%,12%
1474135,Georg Schönfelder,FSV Berolina Stralau 1901,20,1,0,0,0,0,2,2,1637,1,3,0.606,0.909,0.05,2,0.1,21,18,2,1.167,0.389,0.549,IV,LV,80%,5%
1485731,Jeong Chaehyun,FC Viktoria 1889 Berlin II,13,0,1,0,0,0,1,7,1035,0,11,0.383,0.885,0.077,0,0,6,2,11,3,1,0.692,RM,NA,15%,0%
1507227,Marvin Müller,BSV Eintracht Mahlsdorf II,1,0,1,1,0,0,0,0,90,0,NA,0.033,1,1,0,0,13,6,-5,2.167,0.722,0.499,ZDM,RM,500%,100%
1529436,Anton Neumann,Köpenicker FC,12,0,0,0,0,0,2,7,790,0,14,0.293,0.731,0,2,0.167,7,11,1,0.636,0.212,0.369,ZM,LV,75%,17%
1530046,Amir-Mohamad Yassine,VfB Concordia Britz 1916,11,1,0,0,0,0,9,2,308,0,26,0.114,0.311,0.091,0,0,3,2,9,1.5,0.5,0.296,LM,RM,9%,9%
1531034,Aykut Tezel,VfB Concordia Britz 1916,3,0,0,0,0,0,2,1,93,0,NA,0.034,0.344,0,0,0,0,1,2,0,0,0.079,ST,NA,33%,0%
1531043,Zana-Kazim Baba,BSV Al-Dersimspor,7,0,0,0,0,0,4,1,289,0,NA,0.107,0.459,0,4,0.571,12,8,-1,1.5,0.5,0.495,ST,IV,71%,14%
1531048,Tolgahan Can Eskin,Türkiyemspor Berlin,5,0,0,0,0,0,3,1,210,0,21,0.078,0.467,0,1,0.2,6,2,3,3,1,0.577,LM,NA,40%,0%
1531473,Björn Heydemann,BSV Eintracht Mahlsdorf II,2,1,0,0,0,0,0,1,157,0,NA,0.058,0.872,0.5,0,0,6,2,0,3,1,0.592,ST,NA,100%,0%
1543040,Tom-Niclas Hamann,Köpenicker FC,16,1,0,0,0,0,4,1,1185,0,23,0.439,0.823,0.062,3,0.188,17,12,4,1.417,0.472,0.542,IV,LV,69%,6%
1549054,Jonas Becker,TSV Rudow Berlin,19,0,0,0,0,0,1,4,1490,8,3,0.552,0.871,0,3,0.158,46,18,1,2.556,0.852,0.728,IV,NA,89%,0%
1553439,Tamer Emre Ertürkler,Türkiyemspor Berlin,8,0,0,0,0,0,5,2,340,0,17,0.126,0.472,0,0,0,3,3,5,1,0.333,0.266,ST,NA,38%,0%
1556419,Jesse Kreuschner,Berliner SC II,9,0,0,0,0,0,0,0,810,0,31,0.3,1,0,1,0.111,14,9,0,1.556,0.519,0.531,TW,NA,89%,0%
1556587,Vito Everett Dieckert,FC Viktoria 1889 Berlin II,16,3,0,0,0,0,1,7,1255,1,9,0.465,0.872,0.188,7,0.438,28,14,2,2,0.667,0.712,ZDM,ZM,38%,25%
1571578,Tim Höfer,Köpenicker FC,1,0,0,0,0,0,0,0,90,0,NA,0.033,1,0,1,1,0,1,0,0,0,0.51,TW,NA,100%,0%
1585477,Ben Fidanboy,Berliner SC II,6,1,1,0,0,0,5,0,263,0,28,0.097,0.487,0.333,0,0,3,1,5,3,1,0.527,RV,NA,17%,0%
1598790,Luca Raoul Al-Habash,Berliner SC II,3,0,1,0,0,0,0,2,196,0,NA,0.073,0.726,0.333,0,0,3,3,0,1,0.333,0.3,RM,NA,100%,0%
1607205,Ali Esweiei,FSV Berolina Stralau 1901,7,3,1,0,0,0,6,2,261,1,NA,0.097,0.414,0.571,2,0.286,1,1,6,1,0.333,0.331,LM,NA,14%,0%
1608375,Chidera Iwuozor,Berliner SV 1892,7,0,0,0,0,0,3,4,292,0,6,0.108,0.463,0,0,0,6,4,3,1.5,0.5,0.325,LM,LV,29%,14%
1611107,Erhan Kücükosman,Berliner SC II,16,1,3,0,0,0,5,8,1059,0,10,0.392,0.735,0.25,1,0.062,13,11,5,1.182,0.394,0.441,ST,RM,31%,25%
1612319,Maximilian Höhle,VfB Concordia Britz 1916,12,7,0,0,0,0,2,5,822,0,20,0.304,0.761,0.583,5,0.417,10,10,2,1,0.333,0.502,ST,NA,75%,0%
1613808,Lucien Littbarski,FC Viktoria 1889 Berlin II,1,1,0,0,0,0,0,0,90,0,NA,0.033,1,1,0,0,3,1,0,3,1,0.61,ZOM,NA,100%,0%
1617176,Elias Burda,TSV Rudow Berlin,20,6,0,0,0,0,0,1,1779,2,13,0.659,0.988,0.3,9,0.45,44,20,0,2.2,0.733,0.824,IV,ZM,90%,5%
1617836,Amir Sassi,BFC Preussen II,0,0,0,0,0,0,0,0,0,0,NA,0,0,0,0,0,0,0,0,0,0,0,NA,NA,0,0%
1624952,Stephane Franklin Yoko,SV Stern Britz 1889,1,0,0,0,0,0,1,0,13,0,12,0.005,0.144,0,0,0,0,0,1,0,0,0.03,NA,NA,NA%,0%
1643968,Noah Maiß,FSV Berolina Stralau 1901,7,1,0,0,0,0,0,0,630,0,21,0.233,1,0.143,1,0.143,4,7,0,0.571,0.19,0.389,ZM,LM,86%,14%
1651373,David Bode,FSV Berolina Stralau 1901,10,0,0,0,0,0,6,3,292,0,18,0.108,0.324,0,0,0,3,4,6,0.75,0.25,0.197,IV,RM,20%,10%
1658864,Nico Pohlan,FC Viktoria 1889 Berlin II,0,0,0,0,0,0,0,0,0,0,NA,0,0,0,0,0,0,0,0,0,0,0,NA,NA,0,0%
1665462,Serhan Arslani,BFC Preussen II,1,1,0,0,0,0,1,0,7,0,NA,0.003,0.078,1,0,0,0,0,1,0,0,0.016,NA,NA,NA%,0%
1668476,Tim Eymann,BFC Preussen II,4,2,0,0,0,1,1,3,242,0,19,0.09,0.672,0.5,0,0,4,3,1,1.333,0.444,0.339,LV,RV,25%,25%
1691207,Arian Saiti,FSV Berolina Stralau 1901,15,0,0,0,0,0,5,7,800,0,17,0.296,0.593,0,0,0,9,10,5,0.9,0.3,0.327,RV,RM,33%,20%
1695470,Rick Mickael Ella,BFC Meteor 06,8,0,0,0,0,0,6,1,257,1,70,0.095,0.357,0,1,0.125,0,2,6,0,0,0.137,LM,ZM,12%,12%
1695576,Nico Starkowski,FC Viktoria 1889 Berlin II,1,0,0,0,0,0,0,0,90,0,29,0.033,1,0,0,0,0,1,0,0,0,0.21,TW,NA,100%,0%
1710827,Eliot Tolaj,TSV Rudow Berlin,16,0,0,0,0,0,11,2,722,0,15,0.267,0.501,0,0,0,9,3,13,3,1,0.58,IV,LV,6%,6%
1710831,Nana Kwame Badu-Amoah,TSV Rudow Berlin,13,1,0,0,0,0,3,8,901,1,7,0.334,0.77,0.077,2,0.154,28,10,3,2.8,0.933,0.674,LM,ZM,38%,23%
1710837,Justin Engfer,BSV Eintracht Mahlsdorf II,6,0,2,0,0,0,0,2,488,0,20,0.181,0.904,0.333,1,0.167,14,6,0,2.333,0.778,0.596,RV,RM,50%,33%
1713621,Marcos Adrian Castro Barbera,FC Internationale Berlin 1980,15,0,0,0,0,0,2,10,980,0,12,0.363,0.726,0,0,0,0,0,15,0,0,0.254,NA,NA,NA%,0%
1721667,Kevin Anderson Moreira Godinho,BFC Preussen II,8,4,1,0,0,0,0,0,719,1,18,0.266,0.999,0.625,2,0.25,10,5,3,2,0.667,0.621,RM,LM,50%,12%
1723731,Mohammed Hamiss,BFC Meteor 06,9,1,2,0,0,0,9,0,108,0,99,0.04,0.133,0.333,0,0,0,0,9,0,0,0.039,NA,NA,NA%,0%
1726178,Kolja Gramse,SV Empor Berlin II,1,0,0,0,0,0,1,0,15,0,NA,0.006,0.167,0,0,0,0,0,1,0,0,0.035,NA,NA,NA%,0%
1741546,Leo Suilmann,BFC Meteor 06,7,0,0,3,0,0,1,0,574,0,1,0.213,0.911,0,1,0.143,9,5,2,1.8,0.6,0.529,TW,NA,71%,0%
1754454,Jim Bratschke,FC Internationale Berlin 1980,6,0,0,0,0,0,5,0,162,0,77,0.06,0.3,0,0,0,0,1,5,0,0,0.078,RM,NA,17%,0%
1754489,Niclas Nixdorf,SV Empor Berlin II,16,0,0,0,0,0,1,4,1284,0,3,0.476,0.892,0,2,0.125,9,14,2,0.643,0.214,0.444,IV,LV,38%,25%
1754490,Jannick Wollmann,SV Empor Berlin II,2,0,0,0,0,0,1,1,73,0,NA,0.027,0.406,0,0,0,1,1,1,1,0.333,0.223,IV,NA,50%,0%
1754492,Justin Thiele,FC Viktoria 1889 Berlin II,19,4,1,0,0,0,1,1,1664,0,6,0.616,0.973,0.263,6,0.316,35,18,1,1.944,0.648,0.733,IV,ZDM,74%,11%
1756662,Paul Schlicht,Berliner SC II,12,0,0,0,0,0,0,0,1080,0,1,0.4,1,0,4,0.333,12,12,0,1,0.333,0.553,TW,NA,100%,0%
1760823,Tami Benkert,BSV Eintracht Mahlsdorf II,1,0,0,0,0,0,0,0,90,0,NA,0.033,1,0,0,0,1,1,0,1,0.333,0.343,ZM,NA,100%,0%
1764241,Benis Leci,SV Stern Britz 1889,17,0,0,1,1,0,4,2,1243,1,30,0.46,0.812,0,0,0,0,1,16,0,0,0.3,LM,NA,6%,0%
1764242,Leonit Leci,SV Stern Britz 1889,15,2,0,0,0,0,7,2,866,0,17,0.321,0.641,0.133,0,0,0,1,14,0,0,0.224,LM,NA,7%,0%
1769533,Felix Hartmann,Köpenicker FC,21,8,0,0,0,0,1,9,1727,4,15,0.64,0.914,0.381,6,0.286,37,22,-1,1.682,0.561,0.685,TW,ZM,67%,43%
1771232,Tim-Luca Eberl,BSV Eintracht Mahlsdorf II,10,3,1,0,0,0,0,3,815,0,NA,0.302,0.906,0.4,1,0.1,13,10,0,1.3,0.433,0.475,RV,LM,30%,20%
1771236,Sune Tore Schröter,BSV Eintracht Mahlsdorf II,2,0,0,0,0,0,2,0,62,0,NA,0.023,0.344,0,0,0,0,0,2,0,0,0.076,NA,NA,NA%,0%
1771771,Alican Ali,FC Viktoria 1889 Berlin II,12,4,0,0,0,0,7,4,528,0,29,0.196,0.489,0.333,0,0,7,5,7,1.4,0.467,0.343,ST,ZOM,25%,17%
1771850,Leart Halimi,FC Viktoria 1889 Berlin II,3,0,0,0,0,0,0,2,258,0,27,0.096,0.956,0,0,0,3,3,0,1,0.333,0.353,RM,ST,33%,33%
1772095,Deren Yoldas Emre,Türkiyemspor Berlin,17,3,0,0,0,0,0,9,1272,1,36,0.471,0.831,0.176,2,0.118,7,6,11,1.167,0.389,0.498,LV,RM,18%,12%
1772786,Suraj Faizi,SV Empor Berlin II,5,2,0,0,0,0,3,1,241,1,NA,0.089,0.536,0.4,2,0.4,4,2,3,2,0.667,0.521,ZOM,NA,40%,0%
1777596,Tom Bothe,BSV Eintracht Mahlsdorf II,15,1,0,1,0,0,5,1,940,1,12,0.348,0.696,0.067,3,0.2,21,10,5,2.1,0.7,0.584,IV,NA,67%,0%
1777624,Lukas Otto,BSV Eintracht Mahlsdorf II,0,0,0,0,0,0,0,0,0,0,NA,0,0,0,0,0,0,0,0,0,0,0,NA,NA,0,0%
1778316,Bryson Rodney Pink,FC Internationale Berlin 1980,2,0,0,0,0,0,2,0,74,0,NA,0.027,0.411,0,0,0,0,0,2,0,0,0.09,NA,NA,NA%,0%
1779353,Alieu Nyassi,Köpenicker FC,2,0,0,0,0,0,2,0,8,0,NA,0.003,0.044,0,0,0,0,0,2,0,0,0.01,NA,NA,NA%,0%
1799029,Mustafa Kenan Yigitoglu,Türkiyemspor Berlin,8,0,0,0,0,0,0,0,720,0,NA,0.267,1,0,1,0.125,9,8,0,1.125,0.375,0.468,IV,NA,88%,0%
1815104,Matthieu Lucas Weinlein,FC Viktoria 1889 Berlin II,19,14,5,0,0,0,1,5,1543,5,17,0.571,0.902,1,2,0.105,32,18,1,1.778,0.593,0.62,ST,NA,84%,0%
1815109,Konstantin- Alexander Westhäußer,FC Viktoria 1889 Berlin II,20,1,1,0,0,0,4,7,1461,0,13,0.541,0.812,0.1,0,0,0,1,19,0,0,0.325,RV,NA,5%,0%
1822043,Tom Köster,Berliner SC II,1,0,0,0,0,0,0,0,90,0,NA,0.033,1,0,0,0,0,1,0,0,0,0.21,TW,NA,100%,0%
1823110,William Essel,BSV Al-Dersimspor,15,1,0,0,0,0,11,2,528,0,9,0.196,0.391,0.067,0,0,5,4,11,1.25,0.417,0.304,LM,NA,27%,0%
1826107,Lasse Engelsing,BFC Preussen II,15,5,0,0,0,0,0,3,1310,1,12,0.485,0.97,0.333,4,0.267,34,15,0,2.267,0.756,0.722,LV,LM,47%,20%
1834773,Andreas Friese,FSV Berolina Stralau 1901,15,0,0,0,0,0,0,0,1350,1,23,0.5,1,0,0,0,18,15,0,1.2,0.4,0.51,TW,NA,100%,0%
1834781,Nicolas Tauschwitz,Köpenicker FC,16,3,0,0,0,0,4,5,1121,0,10,0.415,0.778,0.188,2,0.125,18,12,4,1.5,0.5,0.518,LM,RM,56%,12%
1836112,Miran Aykus,SV Stern Britz 1889,8,0,1,1,0,0,2,2,569,0,5,0.211,0.79,0.125,0,0,3,5,3,0.6,0.2,0.301,IV,NA,62%,0%
1840212,Hadi El-Hayek,FC Viktoria 1889 Berlin II,2,0,0,0,0,0,2,0,52,0,23,0.019,0.289,0,0,0,0,0,2,0,0,0.064,NA,NA,NA%,0%
1844076,Koray Aktas,Türkiyemspor Berlin,8,0,0,0,0,0,2,2,456,0,21,0.169,0.633,0,3,0.375,15,13,-5,1.154,0.385,0.444,TW,ST,125%,12%
1844094,Zahm Rad,Berliner SC II,2,0,0,0,0,0,1,0,118,0,NA,0.044,0.656,0,0,0,1,1,1,1,0.333,0.278,ZM,NA,50%,0%
1849720,Ismail Bendjelloul,FC Viktoria 1889 Berlin II,17,1,0,0,0,0,9,5,732,0,5,0.271,0.478,0.059,0,0,14,8,9,1.75,0.583,0.41,ZDM,ZM,35%,6%
1850719,Felix Weglöhner,VfB Concordia Britz 1916,20,5,0,1,1,0,1,4,1569,0,6,0.581,0.872,0.25,3,0.15,10,20,0,0.5,0.167,0.46,RM,RV,45%,15%
1850728,Stanley Schulz,SV Empor Berlin II,2,0,2,0,0,0,0,0,180,0,NA,0.067,1,1,8,4,10,18,-16,0.556,0.185,1.494,IV,LM,950%,50%
1869032,Burak Tatli,VfB Concordia Britz 1916,3,0,0,0,0,0,2,1,106,0,44,0.039,0.393,0,0,0,0,1,2,0,0,0.09,ST,NA,33%,0%
1870634,Kaan Ucbaglar,FC Internationale Berlin 1980,4,0,0,0,0,0,4,0,69,0,44,0.026,0.192,0,0,0,4,3,1,1.333,0.444,0.224,LM,RM,50%,25%
1870634,Kaan Ucbaglar,BSV Al-Dersimspor,9,0,0,0,0,0,5,3,402,0,44,0.149,0.496,0,0,0,4,3,6,1.333,0.444,0.322,LM,RM,22%,11%
1871429,Ahmed Saygi,SV Stern Britz 1889,1,0,0,0,0,0,1,0,30,0,NA,0.011,0.333,0,0,0,0,0,1,0,0,0.07,NA,NA,NA%,0%
1873146,Marko Fischer,FC Internationale Berlin 1980,3,0,0,0,0,0,1,0,184,0,4,0.068,0.681,0,0,0,13,11,-8,1.182,0.394,0.314,LM,LV,133%,133%
1873146,Marko Fischer,BFC Preussen II,2,0,0,0,0,0,1,1,68,0,4,0.025,0.378,0,0,0,13,11,-9,1.182,0.394,0.241,LM,LV,200%,200%
1873208,Shaker Shawrdi,SV Stern Britz 1889,14,3,1,1,0,0,1,5,1038,0,20,0.384,0.824,0.286,2,0.143,3,8,6,0.375,0.125,0.373,LM,RM,29%,7%
1873242,Deniz Karakus,Türkiyemspor Berlin,4,1,0,0,0,0,2,0,217,0,32,0.08,0.603,0.25,1,0.25,3,2,2,1.5,0.5,0.42,IV,NA,50%,0%
1873245,Joan Schäfers Llauger,FC Viktoria 1889 Berlin II,15,7,1,0,0,0,3,5,1083,1,8,0.401,0.802,0.533,0,0,7,3,12,2.333,0.778,0.592,LM,ZDM,7%,7%
1873348,Tyrone Mengesha,BFC Meteor 06,3,0,0,1,0,0,3,0,46,0,NA,0.017,0.17,0,0,0,0,0,3,0,0,0.039,NA,NA,NA%,0%
1873370,Tim Henseler,BFC Preussen II,4,0,0,0,0,0,4,0,74,0,NA,0.027,0.206,0,0,0,0,0,4,0,0,0.049,NA,NA,NA%,0%
1877290,Görkem Tozlu,Türkiyemspor Berlin,4,0,0,0,0,0,3,1,135,0,NA,0.05,0.375,0,0,0,0,1,3,0,0,0.09,NA,NA,NA%,0%
1878341,Ahmad Chehade,SC Borsigwalde 1910,5,0,0,0,0,0,3,1,204,0,NA,0.076,0.453,0,1,0.2,1,2,3,0.5,0.167,0.24,LV,RV,20%,20%
1878754,Giovanni Marigo,FC Internationale Berlin 1980,22,0,0,0,0,0,1,6,1818,0,2,0.673,0.918,0,1,0.045,28,21,1,1.333,0.444,0.577,RV,IV,55%,14%
1888507,Enes Noah Öztürk,VfB Concordia Britz 1916,2,0,0,0,0,0,0,2,140,0,18,0.052,0.778,0,0,0,0,3,-1,0,0,0.171,RV,NA,150%,0%
1888806,Adam Lamkaddam,BFC Preussen II,1,0,0,0,0,0,1,0,45,0,32,0.017,0.5,0,0,0,0,0,1,0,0,0.105,NA,NA,NA%,0%
1889072,Merdan Köse,VfB Concordia Britz 1916,16,0,0,0,0,0,8,3,827,0,4,0.306,0.574,0,3,0.188,4,8,8,0.5,0.167,0.33,IV,RV,19%,19%
1889079,Yannick Emanuel Wöhle,TSV Rudow Berlin,13,1,0,0,0,0,12,1,189,0,16,0.07,0.162,0.077,1,0.077,3,1,12,3,1,0.477,ST,NA,8%,0%
1889132,Erdem Celik,Türkiyemspor Berlin,4,0,0,0,0,0,3,2,93,0,18,0.034,0.258,0,1,0.25,18,8,-4,2.25,0.75,0.437,RM,LM,75%,50%
1890422,Philip Bartoschek,SC Borsigwalde 1910,11,0,0,0,0,0,8,2,342,0,17,0.127,0.345,0,1,0.091,5,3,8,1.667,0.556,0.357,ZOM,ZDM,18%,9%
1890439,Jeff Nnaemeka-Chukwurah,BFC Preussen II,12,2,0,0,0,0,0,2,1020,1,28,0.378,0.944,0.167,0,0,25,11,1,2.273,0.758,0.605,ZDM,ST,33%,17%
1891968,Aaron Yusuff,SV Empor Berlin II,11,0,0,0,0,0,1,1,852,0,NA,0.316,0.861,0,1,0.091,4,10,1,0.4,0.133,0.348,TW,NA,91%,0%
1892493,Reto Reichenberger,BSV Eintracht Mahlsdorf II,22,5,5,0,0,0,4,7,1697,1,7,0.629,0.857,0.455,2,0.091,28,16,6,1.75,0.583,0.621,ST,NA,55%,0%
1892495,Max Koyuncu,BSV Eintracht Mahlsdorf II,2,0,0,0,0,0,2,0,50,0,9,0.019,0.278,0,0,0,0,0,2,0,0,0.061,NA,NA,NA%,0%
1892497,Fabian Clemen,BSV Eintracht Mahlsdorf II,0,0,0,0,0,0,0,0,0,0,NA,0,0,0,0,0,0,0,0,0,0,0,NA,NA,0,0%
1892501,Carl Dopke,BSV Eintracht Mahlsdorf II,4,0,0,0,0,0,1,0,279,0,1,0.103,0.775,0,1,0.25,6,3,1,2,0.667,0.528,TW,NA,50%,0%
1892782,Yussef Jradi,FSV Berolina Stralau 1901,19,0,0,0,0,0,5,8,1151,8,11,0.426,0.673,0,4,0.211,16,13,6,1.231,0.41,0.49,LV,LM,21%,16%
1892786,Ali Hammoud,BFC Preussen II,8,1,0,0,0,0,0,3,647,0,NA,0.24,0.899,0.125,0,0,16,8,0,2,0.667,0.519,RV,LV,62%,38%
1892792,Mohammed Yaqoobi,SC Borsigwalde 1910,19,1,0,0,0,0,7,4,1192,0,3,0.441,0.697,0.053,1,0.053,25,12,7,2.083,0.694,0.565,LV,RM,37%,11%
1892794,Maximilian Schatz,BFC Preussen II,6,0,0,0,0,0,4,1,332,0,24,0.123,0.615,0,1,0.167,6,2,4,3,1,0.61,ZM,NA,33%,0%
1892806,Lucky Ugbogbo,BFC Preussen II,11,7,1,1,0,0,0,4,867,1,NA,0.321,0.876,0.727,1,0.091,25,11,0,2.273,0.758,0.602,RM,LM,55%,18%
1892816,Patrick Kühn,FC Viktoria 1889 Berlin II,19,0,0,0,0,0,0,0,1710,0,1,0.633,1,0,7,0.368,35,22,-3,1.591,0.53,0.712,TW,LM,89%,47%
1892826,Leo Sommerfeld,BFC Preussen II,2,0,0,0,0,0,0,0,162,0,NA,0.06,0.9,0,1,0.5,3,2,0,1.5,0.5,0.548,IV,NA,50%,0%
1915210,Alvenzio Ettah,SV Empor Berlin II,18,0,0,0,0,0,6,6,1063,0,19,0.394,0.656,0,2,0.111,5,12,6,0.417,0.139,0.338,ZM,ZOM,33%,17%
1924771,Florian Hildebrand,Köpenicker FC,1,0,0,0,0,0,1,0,15,0,NA,0.006,0.167,0,0,0,0,0,1,0,0,0.035,NA,NA,NA%,0%
1927805,Loide Simao Macave,BSV Eintracht Mahlsdorf II,4,2,1,0,0,0,3,1,157,0,13,0.058,0.436,0.75,0,0,3,1,3,3,1,0.505,ST,NA,25%,0%
1928266,Felix Klebe,Berliner SC II,4,0,0,0,0,0,2,2,96,0,26,0.036,0.267,0,0,0,0,1,3,0,0,0.064,RM,NA,25%,0%
1933230,Fabian Niedenhoff,Berliner SC II,1,0,0,0,0,0,0,0,90,0,NA,0.033,1,0,4,4,17,12,-11,1.417,0.472,1.599,ZM,ST,1000%,100%
1934115,Gani Gashi,BFC Preussen II,6,4,0,0,0,0,0,2,482,0,33,0.179,0.893,0.667,2,0.333,16,10,-4,1.6,0.533,0.545,RM,ZDM,50%,33%
1935091,Kai Neumann,SC Borsigwalde 1910,5,0,0,0,0,0,3,1,227,0,21,0.084,0.504,0,2,0.4,7,11,-6,0.636,0.212,0.331,ZM,LV,180%,40%
1935092,Eren Motuk,SC Borsigwalde 1910,17,0,0,0,0,0,8,1,898,0,5,0.333,0.587,0,2,0.118,12,8,9,1.5,0.5,0.453,IV,LV,35%,6%
1935093,Elias Jamil Erisen,SC Borsigwalde 1910,2,0,0,0,0,0,1,1,46,0,NA,0.017,0.256,0,0,0,0,1,1,0,0,0.056,LV,NA,50%,0%
1935153,Joshua Ridzewski,SV Stern Britz 1889,1,0,0,0,0,0,0,1,56,0,NA,0.021,0.622,0,0,0,0,1,0,0,0,0.131,LM,NA,100%,0%
1946020,Milo Lippe,SV Empor Berlin II,17,1,0,0,0,0,5,7,1021,0,8,0.378,0.667,0.059,1,0.059,7,12,5,0.583,0.194,0.342,ZM,ST,35%,24%
1946021,Nico Bochnia,SV Empor Berlin II,11,4,0,0,0,0,0,5,823,0,23,0.305,0.831,0.364,2,0.182,9,11,0,0.818,0.273,0.421,ST,LM,91%,9%
1946024,Emile Ako,SV Empor Berlin II,7,0,0,0,0,0,4,2,271,0,NA,0.1,0.43,0,1,0.143,4,3,4,1.333,0.444,0.337,RM,NA,43%,0%
1955784,Leon Drannaschk,SV Empor Berlin II,16,2,0,0,0,0,5,3,1162,0,10,0.43,0.807,0.125,1,0.062,5,6,10,0.833,0.278,0.42,LM,ST,19%,12%
1964133,Ryan Smith Mabom Njiki,BSV Al-Dersimspor,3,0,0,0,0,0,1,0,225,0,NA,0.083,0.833,0,1,0.333,1,2,1,0.5,0.167,0.358,ZM,NA,67%,0%
1968450,Benjamin Mohwinkel,BSV Eintracht Mahlsdorf II,1,0,0,0,0,0,0,0,90,1,NA,0.033,1,0,0,0,3,1,0,3,1,0.61,TW,NA,100%,0%
1979474,Merdie Tshondo,BSV Al-Dersimspor,5,0,0,0,0,0,3,2,179,0,20,0.066,0.398,0,0,0,6,2,3,3,1,0.499,RV,ZDM,20%,20%
1979836,Vincent Lange,SV Empor Berlin II,1,0,0,0,0,0,0,0,90,0,NA,0.033,1,0,0,0,3,4,-3,0.75,0.25,0.31,IV,LV,200%,100%
1979837,Robert Kurth,SV Empor Berlin II,3,0,0,0,0,0,3,0,47,0,22,0.017,0.174,0,0,0,0,0,3,0,0,0.04,NA,NA,NA%,0%
1980181,Tiago de Sousa Oliveira,BFC Preussen II,1,0,0,0,0,0,0,1,45,0,NA,0.017,0.5,0,0,0,0,0,1,0,0,0.105,NA,NA,NA%,0%
1980181,Tiago de Sousa Oliveira,FC Internationale Berlin 1980,4,1,0,0,0,0,2,1,191,0,NA,0.071,0.531,0.25,0,0,0,0,4,0,0,0.128,NA,NA,NA%,0%
1980611,Oskar Kühn,SV Empor Berlin II,7,0,0,0,0,0,3,2,321,1,23,0.119,0.51,0,7,1,35,22,-15,1.591,0.53,0.65,TW,LM,243%,129%
1983812,Atacan Özcan,BFC Preussen II,17,2,0,0,0,0,8,5,983,2,22,0.364,0.642,0.118,0,0,19,8,9,2.375,0.792,0.554,RV,LM,18%,12%
1987202,Linus Hechtfisch,Berliner SV 1892,6,0,0,0,0,0,0,0,540,0,23,0.2,1,0,0,0,7,5,1,1.4,0.467,0.447,TW,NA,83%,0%
1987343,Matteo Topal,FC Internationale Berlin 1980,17,6,0,0,0,0,2,5,1370,1,31,0.507,0.895,0.353,4,0.235,21,15,2,1.4,0.467,0.588,ZDM,ZM,35%,29%
1992356,Hebun Aslan,SC Borsigwalde 1910,3,1,0,0,0,0,1,3,165,0,NA,0.061,0.611,0.333,0,0,3,2,1,1.5,0.5,0.34,RV,NA,67%,0%
1992467,Wilfred Arnaud Njankou Tchouwa,SC Borsigwalde 1910,2,0,0,0,0,0,2,0,21,0,NA,0.008,0.117,0,0,0,0,0,2,0,0,0.026,NA,NA,NA%,0%
1993509,Hüseyin Tunay,Türkiyemspor Berlin,0,0,0,0,0,0,0,0,0,0,NA,0,0,0,3,0,9,8,-8,1.125,0.375,0.15,LM,ST,0,0%
1996351,Maximilian Widmer,BSV Eintracht Mahlsdorf II,11,0,0,0,0,0,9,1,290,0,NA,0.107,0.293,0,0,0,3,2,9,1.5,0.5,0.291,LM,ST,9%,9%
2023168,Vincent Spiegel,Berliner SC II,1,0,0,0,0,0,0,0,90,0,15,0.033,1,0,0,0,0,1,0,0,0,0.21,IV,NA,100%,0%
2023839,Phillip Streiter,BSV Eintracht Mahlsdorf II,21,0,1,0,0,0,2,0,1713,6,22,0.634,0.906,0.048,1,0.048,30,19,2,1.579,0.526,0.596,TW,NA,86%,0%
2035911,Furkan Yildirim,SC Borsigwalde 1910,19,11,0,0,0,0,2,5,1498,0,13,0.555,0.876,0.579,3,0.158,5,5,14,1,0.333,0.522,ZDM,ZOM,11%,11%
2036096,Janne Henrik Bloch,SV Empor Berlin II,2,0,0,0,0,0,0,0,180,0,33,0.067,1,0,1,0.5,4,2,0,2,0.667,0.637,TW,NA,100%,0%
2039675,Eriseld Tafilaj,BFC Meteor 06,14,2,1,4,0,0,5,8,657,2,69,0.243,0.521,0.214,0,0,0,0,14,0,0,0.177,NA,NA,NA%,0%
2045361,Leonhard Buchmann,BSV Eintracht Mahlsdorf II,1,0,0,0,0,0,1,0,1,0,14,0,0.011,0,0,0,0,0,1,0,0,0.002,NA,NA,NA%,0%
2045364,Mohammad Mansour,BSV Eintracht Mahlsdorf II,13,1,1,1,0,0,0,5,1056,0,5,0.391,0.903,0.154,1,0.077,26,13,0,2,0.667,0.588,IV,NA,92%,0%
2052872,Mustafa Kemal Karaman,Türkiyemspor Berlin,14,1,0,0,0,0,1,5,1064,0,11,0.394,0.844,0.071,0,0,17,13,1,1.308,0.436,0.461,LV,IV,71%,7%
2053407,Alexander Dikarev,FC Viktoria 1889 Berlin II,1,0,0,0,0,0,0,0,90,0,NA,0.033,1,0,1,1,0,1,0,0,0,0.51,ZM,NA,100%,0%
2055022,Saif Merabti,FC Internationale Berlin 1980,6,1,0,0,0,0,4,3,239,0,NA,0.089,0.443,0.167,0,0,3,2,4,1.5,0.5,0.315,RM,ST,17%,17%
2055520,Fonseca Pereira Mendes,FC Viktoria 1889 Berlin II,19,1,0,0,0,0,1,4,1499,0,25,0.555,0.877,0.053,1,0.053,7,3,16,2.333,0.778,0.669,RV,LV,11%,5%
2056527,Dmytro Karika,FC Viktoria 1889 Berlin II,3,0,0,0,0,0,0,0,270,1,30,0.1,1,0,1,0.333,4,3,0,1.333,0.444,0.508,TW,NA,100%,0%
2057618,Arda Isik,BFC Preussen II,7,2,0,0,0,0,1,1,569,0,NA,0.211,0.903,0.286,5,0.714,15,6,1,2.5,0.833,0.791,LM,ST,57%,29%
2058677,Moritz Brune,Berliner SC II,0,0,0,0,0,0,0,0,0,0,17,0,0,0,0,0,0,0,0,0,0,0,NA,NA,0,0%
2063235,Jean Paul Ajala-Alexis,BFC Meteor 06,4,4,1,0,0,1,1,1,302,1,NA,0.112,0.839,1.25,2,0.5,7,3,1,2.333,0.778,0.662,ST,NA,75%,0%
2064366,Yulian Andres Cordoba Moreno,BSV Eintracht Mahlsdorf II,3,2,0,0,0,0,0,3,171,0,NA,0.063,0.633,0.667,0,0,0,0,3,0,0,0.146,NA,NA,NA%,0%
2065381,Maciej Macias,FC Viktoria 1889 Berlin II,11,3,1,0,0,0,4,5,629,1,24,0.233,0.635,0.364,1,0.091,13,7,4,1.857,0.619,0.472,ZOM,ZM,27%,18%
2065608,Christian Müller,BFC Preussen II,10,0,0,0,0,0,4,6,461,0,25,0.171,0.512,0,0,0,13,6,4,2.167,0.722,0.443,ZDM,RM,50%,10%
2066356,Dennis Bohnsack,Köpenicker FC,19,13,0,0,0,0,1,9,1463,5,9,0.542,0.856,0.684,7,0.368,27,18,1,1.5,0.5,0.644,ST,LM,63%,16%
2066357,Noah Maximilian Laske,Köpenicker FC,13,0,0,0,0,0,1,11,887,0,19,0.329,0.758,0,1,0.077,18,12,1,1.5,0.5,0.473,RV,RM,46%,23%
2071635,Yigit Öncü,Berliner SC II,1,0,0,0,0,0,0,1,64,0,24,0.024,0.711,0,0,0,0,1,0,0,0,0.149,ZM,NA,100%,0%
2071667,Nicolas Costa Echeverria,FC Internationale Berlin 1980,20,4,0,0,0,0,0,0,1800,0,4,0.667,1,0.2,0,0,1,2,18,0.5,0.167,0.467,IV,NA,10%,0%
2075030,Cliff Boanu,SV Stern Britz 1889,19,2,0,1,0,1,1,11,1381,3,29,0.511,0.808,0.105,3,0.158,7,18,1,0.389,0.13,0.414,RM,LM,37%,32%
2085088,Oskar Klauke,Köpenicker FC,11,0,0,0,0,0,10,0,232,0,20,0.086,0.234,0,0,0,0,1,10,0,0,0.073,LV,NA,9%,0%
2099301,Juan José Swett Barros,FC Internationale Berlin 1980,0,0,0,0,0,0,0,0,0,0,23,0,0,0,0,0,0,0,0,0,0,0,NA,NA,0,0%
2110190,Nana Nkrumah,FC Viktoria 1889 Berlin II,14,1,0,0,0,0,13,2,180,0,12,0.067,0.143,0.071,0,0,0,1,13,0,0,0.049,ST,NA,7%,0%
2110511,Jonas Lück,SV Stern Britz 1889,8,0,0,0,0,0,0,1,686,0,18,0.254,0.953,0,0,0,6,8,0,0.75,0.25,0.367,TW,NA,100%,0%
2112145,Cihat Yildirim,FSV Berolina Stralau 1901,0,0,0,0,0,0,0,0,0,0,NA,0,0,0,3,0,5,5,-5,1,0.333,0.133,ZDM,ZOM,0,0%
2113936,Kemo Andresen,BFC Preussen II,1,0,0,0,0,0,1,0,27,0,NA,0.01,0.3,0,0,0,6,2,-1,3,1,0.463,RM,NA,200%,0%
2113936,Kemo Andresen,Türkiyemspor Berlin,6,0,1,0,0,0,4,2,210,0,NA,0.078,0.389,0.167,0,0,6,2,4,3,1,0.501,RM,NA,33%,0%
2115439,Mert Arslan,TSV Rudow Berlin,0,0,0,0,0,0,0,0,0,0,NA,0,0,0,1,0,9,6,-6,1.5,0.5,0.2,TW,NA,0,0%
2115448,Dominic Kranz,FC Internationale Berlin 1980,15,3,0,0,0,0,3,4,1057,0,7,0.391,0.783,0.2,3,0.2,22,12,3,1.833,0.611,0.578,LV,LM,27%,20%
2124125,Carl-Lennart Stöver,BSV Eintracht Mahlsdorf II,19,4,0,0,0,0,0,7,1567,0,19,0.58,0.916,0.211,0,0,32,19,0,1.684,0.561,0.582,LV,NA,79%,0%
2125148,Marques Brunow,Köpenicker FC,6,0,0,0,0,0,5,1,79,0,NA,0.029,0.146,0,0,0,0,1,5,0,0,0.038,NA,NA,NA%,0%
2126300,Yeifre Diaz Chacon,Türkiyemspor Berlin,1,0,0,0,0,0,1,0,57,0,NA,0.021,0.633,0,0,0,0,0,1,0,0,0.133,NA,NA,NA%,0%
2126918,Mehmet Akif Bakiroglugil,VfB Concordia Britz 1916,2,0,0,0,0,0,2,0,14,0,18,0.005,0.078,0,0,0,0,0,2,0,0,0.017,NA,NA,NA%,0%
2132646,Abdullah Bayram,TSV Rudow Berlin,18,1,0,0,0,0,8,8,834,0,21,0.309,0.515,0.056,1,0.056,23,9,9,2.556,0.852,0.553,LM,RV,22%,11%
2133061,Simon Riedel,Berliner SC II,18,0,0,0,0,0,3,3,1338,0,14,0.496,0.826,0,3,0.167,21,15,3,1.4,0.467,0.551,RV,LV,67%,11%
2139385,Pedro Lucas Santanna Miranda Silva,SC Borsigwalde 1910,15,10,0,0,0,0,2,7,1149,5,10,0.426,0.851,0.667,1,0.067,3,1,14,3,1,0.718,ST,NA,7%,0%
2140970,Jacques Kahra,FC Internationale Berlin 1980,1,0,0,0,0,0,0,0,90,0,NA,0.033,1,0,0,0,0,1,0,0,0,0.21,IV,NA,100%,0%
2141926,Matias Ignacio Bottiglieri,SV Stern Britz 1889,2,0,0,0,0,0,1,1,76,0,NA,0.028,0.422,0,0,0,0,1,1,0,0,0.093,ST,NA,50%,0%
2151624,Lancine Braunert,FC Internationale Berlin 1980,0,0,0,0,0,0,0,0,0,0,NA,0,0,0,0,0,0,0,0,0,0,0,NA,NA,0,0%
2154574,Theo Kagoue,BFC Preussen II,10,2,0,0,0,0,6,4,425,0,45,0.157,0.472,0.2,1,0.1,3,4,6,0.75,0.25,0.272,RM,ST,30%,10%
2155721,Ali Ismail Gashi,Türkiyemspor Berlin,8,0,1,0,0,0,5,1,375,0,12,0.139,0.521,0.125,2,0.25,16,10,-2,1.6,0.533,0.434,RM,ZDM,38%,25%
2155721,Ali Ismail Gashi,Berliner SV 1892,5,0,0,0,0,0,3,2,131,0,12,0.049,0.291,0,2,0.4,16,10,-5,1.6,0.533,0.406,RM,ZDM,60%,40%
2160345,Ilai Harder,VfB Concordia Britz 1916,0,0,0,0,0,0,0,0,0,0,NA,0,0,0,0,0,0,0,0,0,0,0,NA,NA,0,0%
2162072,Joao Victor Braga De Souza,SC Borsigwalde 1910,15,0,0,0,1,0,1,1,1258,4,2,0.466,0.932,0,0,0,3,1,14,3,1,0.726,IV,NA,7%,0%
2169394,Julian Duczmal,SV Empor Berlin II,4,0,0,0,0,0,2,1,213,0,NA,0.079,0.592,0,0,0,2,2,2,1,0.333,0.275,ZM,NA,50%,0%
2174136,Luca Munsky,Köpenicker FC,17,1,0,0,0,0,11,4,611,0,3,0.226,0.399,0.059,1,0.059,6,6,11,1,0.333,0.299,LV,RV,29%,6%
2179211,Mehdi Bencheikh,SC Borsigwalde 1910,4,0,0,0,0,0,1,1,267,0,NA,0.099,0.742,0,0,0,2,3,1,0.667,0.222,0.267,IV,LM,50%,25%
2181029,Jonathan Schäfer,BSV Al-Dersimspor,18,0,1,0,0,0,1,5,1493,0,18,0.553,0.922,0.056,2,0.111,24,17,1,1.412,0.471,0.572,LV,LM,78%,11%
2181075,Oskar Denis Cuesta,SC Borsigwalde 1910,6,0,0,0,0,0,3,3,241,0,11,0.089,0.446,0,0,0,3,1,5,3,1,0.516,NA,NA,NA%,0%
2182604,Billy Bradley Tuckerman,SV Empor Berlin II,5,3,0,0,0,0,1,3,300,0,NA,0.111,0.667,0.6,0,0,2,4,1,0.5,0.167,0.233,RM,ST,60%,20%
2189087,Cristobal Del Fierro,FC Internationale Berlin 1980,19,0,0,0,0,0,0,0,1710,0,1,0.633,1,0,0,0,0,0,19,0,0,0.39,NA,NA,NA%,0%
2189090,Ryan Max Robert French,FC Internationale Berlin 1980,19,5,0,0,0,0,6,12,1083,0,14,0.401,0.633,0.263,3,0.158,18,13,6,1.385,0.462,0.479,LM,RM,16%,16%
2196188,Ognyan Stefanov,FC Viktoria 1889 Berlin II,7,0,0,0,0,0,7,0,62,0,16,0.023,0.098,0,0,0,0,0,7,0,0,0.027,NA,NA,NA%,0%
2199158,Osben-Dario Ondo Mangue,Köpenicker FC,9,1,0,0,0,0,5,3,368,0,2,0.136,0.454,0.111,0,0,0,0,9,0,0,0.132,NA,NA,NA%,0%
2200063,Rafael Mentrup,SV Empor Berlin II,19,0,0,0,0,0,10,8,778,0,21,0.288,0.455,0,1,0.053,6,9,10,0.667,0.222,0.282,LM,RM,26%,11%
2202103,Laszlo Braun,SV Empor Berlin II,12,0,0,0,0,0,6,5,577,0,22,0.214,0.534,0,2,0.167,5,6,6,0.833,0.278,0.332,ST,LM,25%,8%
2202118,Daniil Savenko,SV Empor Berlin II,4,0,0,0,0,0,4,0,72,0,18,0.027,0.2,0,0,0,0,0,4,0,0,0.048,NA,NA,NA%,0%
2204177,Maximilian De Rosnay,FC Internationale Berlin 1980,9,4,0,0,0,0,1,4,690,0,17,0.256,0.852,0.444,0,0,0,0,9,0,0,0.247,NA,NA,NA%,0%
2205011,Emmanuel Sokowonci Daniel,FC Viktoria 1889 Berlin II,0,0,0,0,0,0,0,0,0,0,32,0,0,0,0,0,0,0,0,0,0,0,NA,NA,0,0%
2207010,Mohamad Faramarzi,Türkiyemspor Berlin,13,2,0,0,0,0,12,0,292,0,20,0.108,0.25,0.154,0,0,3,1,12,3,1,0.482,RM,NA,8%,0%
2221430,Roger Gonzalez I Hermosa,FC Internationale Berlin 1980,4,0,0,0,0,0,0,0,360,0,40,0.133,1,0,0,0,3,1,3,3,1,0.64,TW,NA,25%,0%
2233337,Luis Ploschenz,SV Empor Berlin II,4,3,0,0,0,0,1,1,292,0,NA,0.108,0.811,0.75,1,0.25,3,3,1,1,0.333,0.403,RM,ZOM,50%,25%
2248604,Joshua Isaias Almedom,FC Viktoria 1889 Berlin II,16,4,0,0,0,0,6,7,908,2,3,0.336,0.631,0.25,5,0.312,19,10,6,1.9,0.633,0.574,RM,RV,31%,12%
2264004,Maximilian Louis Alexis Caspar de Rosnay,FC Internationale Berlin 1980,5,0,0,0,0,0,0,1,440,0,NA,0.163,0.978,0,0,0,0,0,5,0,0,0.244,NA,NA,NA%,0%
2267120,Ezher Akbulut,Berliner SC II,20,1,0,0,0,0,6,12,1191,0,23,0.441,0.662,0.05,0,0,15,13,7,1.154,0.385,0.419,LM,RM,35%,10%
2268475,Adrian Welch,FSV Berolina Stralau 1901,5,2,0,0,0,0,1,2,364,0,7,0.135,0.809,0.4,1,0.2,3,3,2,1,0.333,0.396,ST,NA,60%,0%
2268670,Yannick Djekonbe,SC Borsigwalde 1910,2,0,0,0,0,0,2,0,22,0,20,0.008,0.122,0,0,0,0,0,2,0,0,0.027,NA,NA,NA%,0%
2278083,Argjent Krasniqi,BSV Al-Dersimspor,20,4,0,0,0,0,6,4,1335,0,12,0.494,0.742,0.2,1,0.05,12,13,7,0.923,0.308,0.435,ST,LM,50%,5%
2279859,Nicholas Cartwright Stanley,FC Internationale Berlin 1980,18,6,0,0,0,0,0,8,1479,1,18,0.548,0.913,0.333,4,0.222,23,18,0,1.278,0.426,0.584,ZOM,ZM,44%,39%
2285435,Artur Reder,BSV Eintracht Mahlsdorf II,1,0,0,0,0,0,1,0,2,0,NA,0.001,0.022,0,0,0,0,0,1,0,0,0.005,NA,NA,NA%,0%
2285443,Jonas Maroske,BSV Eintracht Mahlsdorf II,17,6,1,0,0,0,3,5,1342,4,6,0.497,0.877,0.412,2,0.118,19,13,4,1.462,0.487,0.555,ZM,LM,47%,18%
2285444,Tim Pötig,BSV Eintracht Mahlsdorf II,18,0,4,0,0,0,6,6,1104,1,15,0.409,0.681,0.222,3,0.167,17,13,5,1.308,0.436,0.483,RV,LM,50%,6%
2285446,Kilian Oliver Reinke,BSV Eintracht Mahlsdorf II,19,0,1,1,0,0,12,5,790,0,21,0.293,0.462,0.053,0,0,11,7,12,1.571,0.524,0.39,LV,IV,16%,5%
2285761,Rayan Ait Manssour,FC Viktoria 1889 Berlin II,22,14,7,0,0,0,2,8,1740,6,19,0.644,0.879,0.955,1,0.045,7,4,18,1.75,0.583,0.616,LM,ST,9%,5%
2288462,Farouk Ben Mustapha,BFC Meteor 06,9,2,1,2,0,0,5,4,388,0,18,0.144,0.479,0.333,0,0,3,1,8,3,1,0.539,ST,NA,11%,0%
2294556,Oscar Reinaldo Avendano Leon,FC Internationale Berlin 1980,7,2,0,0,0,0,1,4,495,0,30,0.183,0.786,0.286,0,0,1,1,6,1,0.333,0.345,LM,NA,14%,0%
2294557,Sebastian Basaure Larrain,FC Internationale Berlin 1980,1,0,0,0,0,0,1,0,22,0,NA,0.008,0.244,0,0,0,0,0,1,0,0,0.051,NA,NA,NA%,0%
2302529,Adnan Shah,FSV Berolina Stralau 1901,0,0,0,0,0,0,0,0,0,0,NA,0,0,0,0,0,0,0,0,0,0,0,NA,NA,0,0%
2305754,Leon Splanemann,BFC Meteor 06,0,0,0,0,0,0,0,0,0,0,NA,0,0,0,0,0,0,0,0,0,0,0,NA,NA,0,0%
2313642,Daniel Hölbling,FC Viktoria 1889 Berlin II,4,1,0,0,0,0,0,0,360,0,15,0.133,1,0.25,2,0.5,4,2,2,2,0.667,0.657,ST,NA,50%,0%
2317883,Lukas Czernitzky,VfB Concordia Britz 1916,2,0,0,0,0,0,0,0,180,0,12,0.067,1,0,0,0,3,2,0,1.5,0.5,0.42,TW,NA,100%,0%
2318883,Piet Kühn,VfB Concordia Britz 1916,20,3,0,0,0,0,2,12,1404,0,21,0.52,0.78,0.15,7,0.35,35,22,-2,1.591,0.53,0.629,TW,LM,85%,45%
2319724,Adam Barnat,SC Borsigwalde 1910,8,0,0,0,0,0,6,2,250,0,6,0.093,0.347,0,0,0,6,2,6,3,1,0.497,LM,RM,12%,12%
2321729,Philip Wieser,VfB Concordia Britz 1916,18,0,0,0,0,0,7,6,1070,0,17,0.396,0.66,0,1,0.056,4,12,6,0.333,0.111,0.312,ZM,LM,28%,22%
2324660,Minyoung Lee,FC Viktoria 1889 Berlin II,1,0,0,0,0,0,0,1,89,0,NA,0.033,0.989,0,0,0,3,1,0,3,1,0.608,NA,NA,NA%,0%
2325752,Omar Mohamed Ibrahim Hassan Ali,VfB Concordia Britz 1916,7,0,0,0,0,0,0,3,563,0,NA,0.209,0.894,0,0,0,7,5,2,1.4,0.467,0.428,ST,ZOM,43%,29%
2328786,Timo Brei,SV Stern Britz 1889,4,2,0,0,0,0,0,0,360,1,NA,0.133,1,0.5,1,0.25,3,4,0,0.75,0.25,0.415,IV,RV,75%,25%
2328813,Lewi Dawit Molalegn,Berliner SV 1892,13,1,0,0,0,0,6,6,677,0,15,0.251,0.579,0.077,4,0.308,12,7,6,1.714,0.571,0.512,ST,ZM,23%,15%
2335873,Pascal Ulrich,TSV Rudow Berlin,0,0,0,0,0,0,0,0,0,0,NA,0,0,0,0,0,0,0,0,0,0,0,NA,NA,0,0%
2336484,Ibrahim Celik,BFC Meteor 06,18,1,4,0,0,0,12,6,649,0,47,0.24,0.401,0.278,1,0.056,18,8,10,2.25,0.75,0.469,RM,LM,17%,11%
2338606,Steven Demarr Saunders,BFC Meteor 06,14,0,2,2,1,0,8,4,582,0,14,0.216,0.462,0.143,0,0,10,6,8,1.667,0.556,0.38,RM,LM,36%,7%
2338815,Eric Ekandille,Berliner SC II,3,0,0,0,0,0,0,2,212,0,28,0.079,0.785,0,0,0,2,3,0,0.667,0.222,0.27,RM,ST,67%,33%
2339579,Eike Barth,Berliner SC II,9,0,1,0,0,0,4,3,529,0,25,0.196,0.653,0.111,0,0,6,5,4,1.2,0.4,0.349,ST,NA,56%,0%
2341683,Anton Louis Süring,Köpenicker FC,2,0,0,0,0,0,1,1,63,0,NA,0.023,0.35,0,0,0,1,1,1,1,0.333,0.21,LV,NA,50%,0%
2341685,Lennart Will,Köpenicker FC,2,0,0,0,0,0,2,0,11,0,NA,0.004,0.061,0,0,0,0,0,2,0,0,0.013,NA,NA,NA%,0%
2341687,Jamie Dell Bullock,FC Internationale Berlin 1980,14,0,0,0,0,0,8,5,541,0,3,0.2,0.429,0,0,0,8,6,8,1.333,0.444,0.324,LV,RV,14%,14%
2341689,Joel Broughton Weeks,FC Internationale Berlin 1980,1,1,0,0,0,0,1,0,35,0,NA,0.013,0.389,1,0,0,0,0,1,0,0,0.082,NA,NA,NA%,0%
2342434,Keita Udo,SV Empor Berlin II,8,0,0,0,0,0,2,2,535,0,12,0.198,0.743,0,2,0.25,4,6,2,0.667,0.222,0.372,ZM,ZDM,50%,12%
2346194,Süleyman Aktas,TSV Rudow Berlin,8,0,0,0,0,0,7,1,65,0,29,0.024,0.09,0,3,0.375,15,13,-5,1.154,0.385,0.292,TW,ST,125%,12%
2346195,Ahmad Haj Youssef,TSV Rudow Berlin,20,3,0,0,0,0,15,3,725,0,19,0.269,0.403,0.15,1,0.05,7,4,16,1.75,0.583,0.41,LM,RM,10%,10%
2356828,Zachariah Mohamed Dukuly,FC Internationale Berlin 1980,3,0,0,0,0,1,3,0,17,0,21,0.006,0.063,0,0,0,0,0,3,0,0,0.014,NA,NA,NA%,0%
2356835,Luca Seeber,Köpenicker FC,4,0,0,0,0,0,0,0,360,0,12,0.133,1,0,1,0.25,6,4,0,1.5,0.5,0.515,TW,NA,100%,0%
2358689,Tobias Brandt,Köpenicker FC,15,1,0,0,0,0,10,3,692,0,7,0.256,0.513,0.067,1,0.067,4,5,10,0.8,0.267,0.306,ST,RM,20%,13%
2359467,Laurens Cerny,SV Empor Berlin II,17,0,0,0,0,0,5,7,1043,0,20,0.386,0.682,0,3,0.176,11,12,5,0.917,0.306,0.427,ZM,ZDM,47%,12%
2369253,Sebastian Naicker,FC Viktoria 1889 Berlin II,3,0,0,0,0,0,3,0,111,0,31,0.041,0.411,0,0,0,0,0,3,0,0,0.094,NA,NA,NA%,0%
2369259,Marlon Mayen Guzman,FC Internationale Berlin 1980,11,1,0,0,0,0,7,4,305,0,16,0.113,0.308,0.091,0,0,3,3,8,1,0.333,0.229,LM,ST,9%,9%
2374048,Nicht öffentlich,VfB Concordia Britz 1916,4,0,0,0,0,0,3,1,74,0,NA,0.027,0.206,0,0,0,0,0,4,0,0,0.049,NA,NA,NA%,0%
2375955,Felix Wittenburg,Köpenicker FC,13,3,0,0,0,0,3,2,956,0,24,0.354,0.817,0.231,3,0.231,12,9,4,1.333,0.444,0.517,ZM,LM,54%,8%
2375959,Mohamad El-Ali,Türkiyemspor Berlin,2,0,0,0,0,0,2,0,39,0,42,0.014,0.217,0,0,0,0,0,2,0,0,0.048,NA,NA,NA%,0%
2375973,Joao Victor Souza Rosa,VfB Concordia Britz 1916,13,2,0,0,0,0,9,4,506,0,24,0.187,0.432,0.154,0,0,0,0,13,0,0,0.143,NA,NA,NA%,0%
2377145,Leon Merke,TSV Rudow Berlin,1,0,0,0,0,0,0,0,90,0,NA,0.033,1,0,1,1,3,1,0,3,1,0.91,TW,NA,100%,0%
2378543,Konstantin Joseski,Berliner SC II,5,0,0,0,0,0,3,1,224,0,NA,0.083,0.498,0,0,0,0,2,3,0,0,0.125,RV,NA,40%,0%
2378545,Alexander Lorenz,Berliner SC II,8,6,1,0,0,0,3,2,531,0,11,0.197,0.738,0.875,2,0.25,6,5,3,1.2,0.4,0.442,ST,ZM,50%,12%
2378546,Nino Zamorano,Berliner SC II,5,0,1,0,0,0,5,0,75,0,22,0.028,0.167,0.2,0,0,0,0,5,0,0,0.042,NA,NA,NA%,0%
2387876,Iven Wiecker,Köpenicker FC,2,0,0,0,0,0,2,0,17,0,NA,0.006,0.094,0,0,0,0,0,2,0,0,0.021,NA,NA,NA%,0%
2389685,Sadjad Rassuli,SC Borsigwalde 1910,4,0,0,0,0,0,3,0,148,0,NA,0.055,0.411,0,0,0,0,1,3,0,0,0.099,ZDM,NA,25%,0%
2393415,Nikita Ovcharov,FC Internationale Berlin 1980,1,0,0,0,0,0,1,0,26,0,NA,0.01,0.289,0,0,0,0,0,1,0,0,0.061,NA,NA,NA%,0%
2394633,Mohammad Kassem,SC Borsigwalde 1910,3,0,0,0,0,0,0,0,270,0,NA,0.1,1,0,1,0.333,4,3,0,1.333,0.444,0.508,TW,NA,100%,0%
2397942,Manuel Pereira,Türkiyemspor Berlin,1,1,0,0,0,0,0,0,90,0,NA,0.033,1,1,0,0,0,0,1,0,0,0.21,NA,NA,NA%,0%
2397943,Rafael Pereira,Türkiyemspor Berlin,1,0,0,0,0,0,0,0,90,0,NA,0.033,1,0,0,0,0,0,1,0,0,0.21,NA,NA,NA%,0%
2405584,Johan Ferney Marin Macareno,SC Borsigwalde 1910,0,0,0,0,0,0,0,0,0,0,NA,0,0,0,0,0,0,0,0,0,0,0,NA,NA,0,0%
2409764,Tim Fechtner,SV Empor Berlin II,1,0,0,0,0,0,1,0,26,0,NA,0.01,0.289,0,0,0,0,0,1,0,0,0.061,NA,NA,NA%,0%
2415808,John Coker,SV Stern Britz 1889,7,0,0,0,0,0,6,0,195,0,NA,0.072,0.31,0,0,0,0,1,6,0,0,0.084,ST,NA,14%,0%
2417264,Aron Murseli,TSV Rudow Berlin,6,0,0,0,0,0,3,2,243,0,NA,0.09,0.45,0,1,0.167,9,3,3,3,1,0.567,LM,ST,17%,17%
